"whichdata","allgenes","allprobes","pvalslog","pvalslogcorrected","pvalscox","pvalscoxcorrected","hazard"
"BRCA","ACTN2","cg10014470","0.0727802877317976","0.30358628308015","0.0803321868251202","0.340855854580842","2.2155214259058"
"BRCA","ACTN2","cg20482698","0.489166309014595","0.778463856039013","0.490258716819294","0.781975334646027","1.28387073553068"
"BRCA","ACTN2","cg18770350","0.0429755731323637","0.217762132314997","0.0486538356161123","0.249888747552142","2.22355659637383"
"BRCA","ACTN2","cg10372476","0.742607284794771","0.918794491773441","0.742780975161922","0.920528596634103","0.87606780042483"
"BRCA","CLDN11","cg09543255","0.92518966811238","0.978320030571459","0.925193393732162","0.978324987205034","1.03565765621663"
"BRCA","CLDN11","cg11145160","0.582524140049725","0.834545969141447","0.583260852891794","0.837190007477765","1.24753271702616"
"BRCA","CLDN11","cg13879776","0.394635558030758","0.715946274629973","0.397015701275664","0.726235813757304","1.42200323200752"
"BRCA","CLDN11","cg05663573","0.251758704673607","0.575993400086585","0.255571630054631","0.586494166234792","0.643907894841336"
"BRCA","CLDN11","cg21884231","0.167726748209478","0.469324375067306","0.174889941784816","0.49453897396081","1.89009231698912"
"BRCA","CLDN11","cg05937737","0.0877065521119825","0.334436600224984","0.0965086752246419","0.36962327891464","2.2531997151167"
"BRCA","CLDN11","cg20924286","0.843616875491973","0.959233043669337","0.843649955118573","0.960717520534725","0.930376570073509"
"BRCA","CLDN11","cg21154627","0.365767205534531","0.697359192370128","0.368299456633661","0.70754730218426","1.42978521650912"
"BRCA","CLDN14","cg02417033","0.318190007971461","0.642335443899608","0.322039046109692","0.655362479279832","1.5522629577417"
"BRCA","CYBA","cg03787864","0.0999848699492651","0.359469413389025","0.105677351391041","0.391109805393312","0.531260142520284"
"BRCA","CYBA","cg26537639","0.781564503993672","0.935152457234901","0.781709837053555","0.93900327916888","0.878847062469683"
"BRCA","CYBA","cg10246531","0.173812040683667","0.47870315266858","0.180211368995953","0.497597045627306","0.545976063515855"
"BRCA","CYBA","cg08843517","0.952900289056688","0.981500297732332","0.952901228783918","0.982842114387785","1.02221970663464"
"BRCA","CYBA","cg24046411","0.756685024392745","0.929568456540291","0.756842328631297","0.931872505687436","0.88076246668967"
"BRCA","CYBA","cg19790294","0.709748675656499","0.904261768527169","0.710028701171403","0.907361680339636","0.854957935817968"
"BRCA","CYBA","cg04879832","0.770350265852902","0.931463192691815","0.770459235145229","0.933702604389483","1.11563258051762"
"BRCA","ITGA4","cg25652029","0.613208955803645","0.854193287143454","0.613837999712772","0.858236462561375","1.22987652591215"
"BRCA","ITGA4","cg11947981","0.163664884592779","0.462797707369093","0.169245044886417","0.487709957592538","1.7723017460606"
"BRCA","ITGB2","cg17648210","0.214457309005772","0.523997632036757","0.218869378957782","0.541860588657933","1.61950471735553"
"BRCA","ITK","cg09453312","0.840312421907476","0.958362354290248","0.84036992035109","0.960717520534725","0.907864797937364"
"BRCA","MMP2","cg09530163","0.0891856038985163","0.338367492177788","0.0959926383157381","0.36962327891464","2.07965770107045"
"BRCA","MMP2","cg01821058","0.0491362632875442","0.236238944356339","0.0575800582059212","0.274079685122992","2.52680558855207"
"BRCA","MMP9","cg26132320","0.791139208926165","0.938941703896354","0.791249665979355","0.940668560277254","1.12412983691475"
"BRCA","PIK3CD","cg23251761","0.0125314929334126","0.0927576192620248","0.0177057732551861","0.131057439290838","3.09759194260643"
"BRCA","PIK3CD","cg12354861","0.5494312413394","0.816575959077258","0.542935054371305","0.811714784258089","0.766291624282544"
"BRCA","PIK3CD","cg24859236","0.149583318838029","0.442613268199597","0.155068586520739","0.465205672547359","1.76641979155534"
"BRCA","PIK3R5","cg12863545","0.814757469521714","0.950541292237803","0.815993016645078","0.952245576301837","1.10324457662797"
"BRCA","PIK3R5","cg16918989","0.264626418022872","0.591103389370617","0.268440591127091","0.604992974032698","0.64403492812442"
"BRCA","PIK3R5","cg18470295","0.0010309126365109","0.0117930157661474","0.0032275469442022","0.0369211809526161","5.39193379006739"
"BRCA","PIK3R5","cg26998044","0.710000729368974","0.904261768527169","0.710265898120166","0.907361680339636","1.164706260582"
"BRCA","PRKCA","cg03311339","0.94354380925087","0.981461246118086","0.943546154966265","0.982807651106052","0.968796414172265"
"BRCA","PRKCA","cg04721825","0.520238404114684","0.797878224848723","0.521879955389043","0.801351488077882","1.34611548175132"
"BRCA","PRKCB","cg09507526","0.784857934355948","0.936244049572064","0.784993884708275","0.939785542449995","1.13391767702018"
"BRCA","PRKCB","cg04279973","0.670913980073555","0.880213084354271","0.671265264834804","0.882200580190688","0.845998224914872"
"BRCA","PRKCB","cg03306374","0.00913691281039177","0.0711172079571731","0.012343239311561","0.100205867529339","2.74040222639229"
"BRCA","PRKCB","cg03217795","0.0301349441653568","0.17501448342188","0.0367354552279779","0.216681786696276","2.60733133194396"
"BRCA","PRKCB","cg03156893","0.197901585014437","0.501394955321813","0.20365832555755","0.521227239986272","1.75671481013126"
"BRCA","PRKCB","cg08406370","0.569278311897373","0.824711756357166","0.570517836034918","0.830690649304603","0.755311948051406"
"BRCA","PRKCB","cg21370856","0.947373304821239","0.981461246118086","0.947374662351786","0.982807651106052","1.02538393062372"
"BRCA","RASSF5","cg17220933","0.123205034496251","0.389905763323876","0.127866490694114","0.417918616770806","1.75611251616825"
"BRCA","THY1","cg10601287","0.569228655702761","0.824711756357166","0.56995277508763","0.830690649304603","1.241196661477"
"BRCA","THY1","cg16566400","0.878574348140219","0.968348936412626","0.87859454576369","0.968847057057441","0.938067808387443"
"BRCA","THY1","cg17236709","0.49742578557886","0.785682987682091","0.498650900719627","0.79048326307072","1.30664683589753"
"BRCA","VCAM1","cg25762679","0.0738139822661931","0.30453309623484","0.0807199256315691","0.340855854580842","2.13685790580151"
"BRCA","VCAM1","cg27544046","0.116088206987409","0.387674052118476","0.125077071491815","0.416699610105876","2.15585407308163"
"CESC","CLDN1","cg03623835","0.467352345342754","0.768738607263135","0.470282688649666","0.773379127408272","0.667904109235788"
"CESC","CLDN1","cg25330387","0.567645487872887","0.824711756357166","0.569233224439185","0.830690649304603","0.727619257990103"
"CESC","CLDN1","cg00804587","0.792193199181427","0.938941703896354","0.792404244154084","0.940668560277254","1.17357795203403"
"CESC","CLDN11","cg21474897","0.425483123223254","0.73510242112942","0.428805921337862","0.740843182174109","0.658569462387929"
"CESC","CLDN11","cg13333304","0.817799687813272","0.950541292237803","0.813479519140333","0.952212460389071","1.1300243283708"
"CESC","CLDN11","cg21389743","0.282052101078936","0.613238351959777","0.290042155006402","0.631071547636407","0.528523105435138"
"CESC","CXCL12","cg17267805","0.215195740139553","0.524105754210846","0.222094852053015","0.542658942718532","1.86614991830419"
"CESC","CXCL12","cg26267854","0.519371236319592","0.797878224848723","0.521108439196094","0.801351488077882","1.38213449137981"
"CESC","CXCL12","cg10927719","0.0263108812635347","0.16228592220128","0.0327125186099773","0.201954497594306","2.7653712168062"
"CESC","CXCL12","cg06048524","0.445923934529661","0.748161267933098","0.448411224079956","0.754861414637193","1.4501947498105"
"CESC","CXCR4","cg26425669","0.950262478029564","0.981461246118086","0.950264351400554","0.982807651106052","0.970027943107878"
"CESC","CXCR4","cg12311057","0.0574696736965648","0.264051745956462","0.0727073278199574","0.32290607355334","0.306039472011931"
"CESC","CXCR4","cg00591844","0.151320287151734","0.444540143188947","0.158157684406446","0.468270791085751","1.92107523185341"
"CESC","CXCR4","cg13854983","0.273127403616461","0.604724896570171","0.278588599482393","0.622291102394103","0.591997856397238"
"CESC","CXCR4","cg12595667","0.765099062058956","0.929568456540291","0.765324425391339","0.931872505687436","1.16730009956381"
"CESC","CXCR4","cg20823742","0.949234811499677","0.981461246118086","0.949236609063761","0.982807651106052","1.02972645610607"
"CESC","CXCR4","cg16675708","0.633322570344075","0.860653554324264","0.633881493826909","0.863152388417273","1.22276327924518"
"CESC","CXCR4","cg03608167","0.39515873333836","0.715946274629973","0.39938873927014","0.726235813757304","1.60326069027429"
"CESC","CXCR4","cg19238531","0.827559884722332","0.952410969034582","0.8276738562476","0.954534498057624","0.880095829647287"
"CESC","CXCR4","cg22376465","0.570821829994375","0.824711756357166","0.572188088901778","0.830690649304603","0.746424102705582"
"CESC","GNAI1","cg16182691","0.561912677909222","0.823910662380899","0.563280649265212","0.827386945905126","0.746834069940713"
"CESC","ITGA4","cg25652029","0.146277671057656","0.434801738773741","0.153834289877986","0.465205672547359","1.97627762991793"
"CESC","ITGA4","cg11947981","0.503987428938228","0.791082138977883","0.506027845232328","0.795534273408912","1.41734926158626"
"CESC","ITGA4","cg25024074","0.934122955674999","0.979531710464756","0.939097413509303","0.982020148475794","0.96209533495373"
"CESC","ITGA4","cg10526659","0.0216877866340508","0.139128610994832","0.0292385006267619","0.18867579464278","3.23801379618332"
"CESC","MMP9","cg09149648","0.623355718801086","0.858313624877863","0.624216833733423","0.861481212507007","1.27815180338207"
"CESC","PIK3CD","cg18976437","0.398816104501377","0.715946274629973","0.403027774104685","0.727956864710614","1.59369031660069"
"CESC","PIK3CD","cg12033075","0.0842942288314823","0.329832696898915","0.0958449520477867","0.36962327891464","0.412624412042538"
"CESC","PIK3R1","cg01239651","0.59430894614436","0.846609913847154","0.596100596642631","0.850767392183717","0.710195661424665"
"CESC","PIK3R1","cg24797508","0.933211293332325","0.979531710464756","0.933217308627534","0.981307894169621","1.04776212773855"
"CESC","PIK3R5","cg09359907","0.412452227813086","0.725175694160668","0.415625830958341","0.733171734517635","1.50471572330776"
"CESC","PIK3R5","cg12863545","0.557156868850163","0.819987204643028","0.558452718490569","0.823499614180429","1.33399954211458"
"CESC","PIK3R5","cg16918989","0.444032720926741","0.748161267933098","0.446560062072294","0.754684520924032","1.45307899928901"
"CESC","PIK3R5","cg26998044","0.196104264880455","0.501221536032737","0.202231133546036","0.519335053834209","1.80383735105682"
"CESC","PIK3R5","cg01653005","0.528179685642566","0.803250750612355","0.529843223693901","0.80651539090503","1.37115951644905"
"CESC","PRKCB","cg08406370","0.887743779714436","0.968348936412626","0.887765501126242","0.969567389493843","0.933625940347074"
"CESC","RAPGEF4","cg10076031","0.661399827331882","0.873001520341907","0.662715396323141","0.876269919831824","0.726055657475109"
"CESC","RHOH","cg11903057","0.028258718660929","0.170682660712011","0.0387923718734165","0.225294159726381","0.299046984008574"
"COAD","CLDN1","cg25330387","0.642946827584738","0.860682366713612","0.643648734674073","0.863152388417273","1.26910644352623"
"COAD","CLDN1","cg00804587","0.313131452262123","0.635522167897589","0.31678825844203","0.649565273298386","1.5507759188393"
"COAD","CLDN11","cg11145160","0.959794333345158","0.98591118595319","0.95979532569387","0.988602279534614","0.975730774518243"
"COAD","CLDN11","cg05663573","0.729959038029206","0.91548018889045","0.730215962270462","0.91732620884226","1.16812929301288"
"COAD","CLDN15","cg24809529","0.608064120228422","0.85332418359193","0.615392803646346","0.858819901576694","0.80554723261271"
"COAD","CLDN5","cg09092054","0.388287890809034","0.715711910992638","0.391264026209824","0.724030244579453","1.48123189636401"
"COAD","CLDN5","cg00811132","0.576702222388751","0.827776003618835","0.577678335147129","0.830756462925871","1.2857822069533"
"COAD","CXCL12","cg26267854","0.891925893548546","0.968348936412626","0.891952280884702","0.969567389493843","0.92359729548483"
"COAD","CXCL12","cg16187804","0.635125990807148","0.860653554324264","0.635832537975215","0.863152388417273","1.25221339533086"
"COAD","CXCL12","cg06048524","0.538776889676893","0.806181539700766","0.540652296728555","0.811515872823179","0.690611893445178"
"COAD","GNAI2","cg20918957","0.518191562693356","0.797878224848723","0.519446223947385","0.801351488077882","1.31345863977089"
"COAD","JAM2","cg06716684","0.786540679234613","0.936653332527023","0.786681407719731","0.939785542449995","1.13754940271479"
"COAD","JAM2","cg16532755","0.538256616821093","0.806181539700766","0.539729127485296","0.811515872823179","1.34601773681298"
"COAD","JAM2","cg14553600","0.162738164902077","0.461907197372438","0.177391847619616","0.497597045627306","0.400804016106018"
"COAD","JAM2","cg22627390","0.20019204823992","0.503014686534663","0.211181551268937","0.5297078777676","2.15145063309664"
"COAD","JAM2","cg02485200","0.61235814569205","0.854193287143454","0.613360826255871","0.858236462561375","0.763546300433494"
"COAD","JAM2","cg09704750","0.576125281036644","0.827776003618835","0.577246996698573","0.830756462925871","1.31486893520785"
"COAD","JAM2","cg04964944","0.093787347974921","0.349215343512949","0.104113090853274","0.387218638395182","2.38107459842518"
"COAD","JAM2","cg06479755","0.344632566113827","0.675467412118346","0.348726053293097","0.684048533097017","1.57414164294237"
"COAD","MSN","cg25156485","0.219031009199697","0.528333584491282","0.223786722042409","0.545028952071028","1.63695887438953"
"COAD","PIK3CG","cg13214190","0.833571352123386","0.956453451144615","0.833657083607512","0.958007759701174","0.893713499811192"
"COAD","PIK3CG","cg00510718","0.917010090337005","0.9755832671724","0.917022424144711","0.976977942805414","1.06216697340917"
"COAD","PIK3R1","cg16664523","0.143785313338275","0.434801738773741","0.154074900379109","0.465205672547359","0.448375260187776"
"COAD","PIK3R5","cg12863545","0.0804801844958541","0.318993008499654","0.087743078495514","0.358086617643854","2.17041893999509"
"COAD","PIK3R5","cg16918989","0.144389376437175","0.434801738773741","0.152309808805482","0.465205672547359","2.00387730991767"
"COAD","PIK3R5","cg26998044","0.0203967603490484","0.134570904501666","0.0279893966446968","0.182172366092639","3.19727376962831"
"COAD","PRKCG","cg24081764","0.551578097967787","0.81677558637964","0.554630468879692","0.821070596086603","0.73498298032909"
"COAD","RAPGEF4","cg25074751","0.434814357351715","0.739267454146709","0.43775591980196","0.745024942032633","1.50035888237759"
"COAD","RAPGEF4","cg10076031","0.497049591906151","0.785682987682091","0.499417902628786","0.79048326307072","1.44076373192474"
"COAD","VAV1","cg17284531","0.996410577666568","0.999564255680886","0.996410578340652","0.999371237180622","1.00214179889687"
"ESCA","ACTN2","cg11215976","0.801315706165746","0.944877552755533","0.802188924260548","0.946332246588615","1.13357180386129"
"ESCA","ACTN2","cg20482698","0.651900636931081","0.868051112668371","0.654301348242651","0.871247827025046","1.23055037411552"
"ESCA","ACTN2","cg10372476","0.826465883105519","0.952410969034582","0.822336577150726","0.952245576301837","1.10109120129373"
"ESCA","CLDN1","cg00804587","0.175710725822053","0.47892273644639","0.182583903217492","0.497597045627306","1.8753862153271"
"ESCA","CLDN9","cg04715503","0.407314253033049","0.721291150530052","0.410600026508337","0.729542137490869","0.676693140050173"
"ESCA","GNAI1","cg25702790","0.255594367036958","0.579792532030064","0.262307819542434","0.59472193319681","1.92655229110011"
"ESCA","GNAI1","cg07178143","0.0333716248673774","0.189440426878722","0.0415478902774082","0.236200602963649","2.82606836210786"
"ESCA","GNAI1","cg27268486","0.000445498504818383","0.00525549017402936","0.00129505184219858","0.0158095859100267","4.83691170862604"
"ESCA","ITGA4","cg21995919","0.957299206654349","0.984687876054542","0.963121303118926","0.98932868551672","0.978242594941565"
"ESCA","MSN","cg16204757","0.0446818939154322","0.221939670435206","0.0543349984272832","0.268123685049665","0.348729062274797"
"ESCA","MSN","cg25156485","0.529929062450335","0.803250750612355","0.528443276430114","0.806009441827749","1.31740270104951"
"ESCA","PIK3CD","cg18976437","0.377666010337002","0.709298103991135","0.381159471993577","0.717644392406859","0.678049871024099"
"ESCA","PRKCA","cg15519474","0.112329012415846","0.382019839522359","0.121619890074839","0.415488764735308","2.18466285367007"
"ESCA","PRKCB","cg03217795","0.740491023998569","0.918014323676387","0.741552548733221","0.920528596634103","0.838105665910824"
"ESCA","PXN","cg01015899","0.473822843714072","0.770036119482886","0.475881973985233","0.775105638796378","1.40729981815385"
"ESCA","VAV3","cg19918758","0.0847517128455491","0.329832696898915","0.0915201051273193","0.365596187148815","2.10774060667136"
"ESCA","VAV3","cg17099397","0.269080151360467","0.597516218462214","0.271926846098198","0.610017520195463","1.6123918876461"
"ESCA","VAV3","cg25602490","0.555344447846522","0.819096073048421","0.556384479820363","0.822055346897013","1.29746195729881"
"ESCA","VAV3","cg24662718","0.2355478277167","0.551068672698236","0.237856252776266","0.562951319266711","1.66047444982889"
"ESCA","VAV3","cg05937496","0.868143502730763","0.968348936412626","0.868598841956272","0.968673745460835","0.932195153693851"
"HNSC","CLDN1","cg25330387","0.693005511962422","0.892962551284098","0.693057929880524","0.895191380584609","0.88756883036205"
"HNSC","CLDN1","cg00804587","0.122601480192616","0.389905763323876","0.125660412149459","0.416699610105876","0.631201014423831"
"HNSC","ITGA4","cg06952671","0.0737028720570626","0.30453309623484","0.0774846835835045","0.334291063460262","0.565395462346617"
"HNSC","ITGA4","cg21995919","0.807279271971084","0.947894012967602","0.808570000789579","0.950703048989008","0.927109650240023"
"HNSC","ITGA4","cg25024074","0.441897918019604","0.748055892611662","0.443008750393747","0.751621587746694","0.77979026415528"
"HNSC","JAM3","cg03304528","0.340748412940497","0.671710317937534","0.342540381806364","0.678787370771142","1.35283648002688"
"HNSC","MMP9","cg09149648","0.0966966447432002","0.353690134112577","0.0999879864572658","0.375576765050924","1.65705205411074"
"HNSC","MMP9","cg26132320","0.429160058830537","0.736651354335846","0.430345689082706","0.741805925245304","0.778532363376445"
"HNSC","PIK3R5","cg26239391","0.352150526621017","0.685241359790896","0.354246646218642","0.691101338230167","0.720237766213019"
"HNSC","PIK3R5","cg16918989","0.486945251291087","0.778463856039013","0.488946697878177","0.781975334646027","0.802290439100623"
"HNSC","PRKCB","cg09507526","0.523940168455627","0.799141065018178","0.523594690951461","0.801853938475361","1.192632211475"
"HNSC","PRKCB","cg03306374","0.828786763782411","0.952410969034582","0.828819057018697","0.954534498057624","1.078360138762"
"HNSC","PRKCB","cg03217795","0.642773346416146","0.860682366713612","0.643082792545719","0.863152388417273","0.859771392350077"
"HNSC","PRKCB","cg03156893","0.889411646728217","0.968348936412626","0.889877157925901","0.969567389493843","1.04455263813933"
"HNSC","PRKCB","cg08406370","0.876182792528547","0.968348936412626","0.876195167942658","0.968847057057441","1.05179268919155"
"HNSC","PXN","cg14094027","0.00356086987551919","0.0363304967029322","0.00475059112176732","0.0512385185276332","2.42281148739233"
"HNSC","RHOH","cg05658107","0.00610033042766092","0.0541088400831056","0.00810868433793934","0.073574892118227","0.394175584789579"
"HNSC","RHOH","cg26296101","0.04345341048596","0.218715499445999","0.0474809494840896","0.247228392141294","0.504766412014296"
"HNSC","RHOH","cg11903057","0.0341635551494666","0.192488687595875","0.0379276077649298","0.221979409786992","0.496665223554901"
"HNSC","THY1","cg10601287","0.533018047757338","0.803250750612355","0.53364110063666","0.80741288773683","0.824492813193194"
"HNSC","THY1","cg16566400","0.134989382441174","0.419411455732866","0.138563056439948","0.437720115532054","0.624804982221577"
"HNSC","THY1","cg17236709","0.303725733476636","0.631716057231019","0.306141972484505","0.645124309782335","0.711723298587348"
"KIRC","ACTG1","cg03909849","0.116558953418403","0.387674052118476","0.123184734726334","0.416546852754067","1.96713131298866"
"KIRC","ACTN1","cg04958055","0.0695608296626248","0.296714273419671","0.0783467195117664","0.336089620632862","2.36256614647883"
"KIRC","ACTN1","cg08292104","0.279023838699328","0.613238351959777","0.283108341331621","0.628667052074628","1.57294809363195"
"KIRC","ACTN4","cg26831416","0.0787068431246472","0.314410934175178","0.0847887543242397","0.351733568762643","2.05543030243891"
"KIRC","CDH5","cg05410910","0.828622147739138","0.952410969034582","0.828669771714479","0.954534498057624","0.919438796985197"
"KIRC","CLDN1","cg03601836","0.153342356131951","0.447001848956075","0.161529420693283","0.476385596185269","1.91404699370926"
"KIRC","CLDN1","cg25330387","0.00323128252820374","0.0334194288875866","0.00730530944291382","0.0689438578674992","4.59529237724399"
"KIRC","CLDN19","cg19243533","0.817379182757242","0.950541292237803","0.817485160121198","0.952245576301837","1.12706152284689"
"KIRC","CLDN2","cg03790891","0.606531278000979","0.85332418359193","0.607186127961274","0.857586000336132","0.809459358956261"
"KIRC","CLDN2","cg04812249","0.245002445848731","0.565136857757428","0.249012538261963","0.576700817140436","1.58493273238066"
"KIRC","GNAI2","cg01520586","0.882503745973312","0.968348936412626","0.882523928200984","0.969567389493843","1.06676033754082"
"KIRC","GNAI2","cg11118235","0.0137892491930099","0.10010464558387","0.0202788658306248","0.14443909152945","3.42772275901033"
"KIRC","ICAM1","cg26549174","0.676284958638249","0.880213084354271","0.676794663063568","0.882200580190688","1.22628575697374"
"KIRC","ITGAL","cg10522125","0.160066802792892","0.457766803441794","0.165893208421936","0.483588310264717","1.86967367389508"
"KIRC","ITGB2","cg22699620","0.00745768926140349","0.0625617265817737","0.0110417727136753","0.0937368763007136","3.12586192243955"
"KIRC","ITGB2","cg07274406","0.424889215632472","0.73510242112942","0.427768826788722","0.740746477581389","0.667694025167113"
"KIRC","ITK","cg08445740","0.146091670261335","0.434801738773741","0.155661945166163","0.465205672547359","2.13337547488886"
"KIRC","ITK","cg00510689","0.00476784799938275","0.045566142272582","0.00807861810774299","0.073574892118227","3.49528212069481"
"KIRC","JAM3","cg23030863","0.000253676426580088","0.00313976560767159","0.00126274909955457","0.0158095859100267","0.170851620043337"
"KIRC","JAM3","cg04913265","0.000124175213589675","0.00173615344926305","0.00110834042533788","0.0141830003581373","0.132293868447933"
"KIRC","MAPK13","cg05859264","0.31200832441973","0.635522167897589","0.317349887348184","0.649565273298386","1.67678998623617"
"KIRC","PIK3CA","cg13435326","0.0110605086471123","0.0835068402856975","0.0149231729204314","0.113808035908341","0.375581542104336"
"KIRC","PRKCA","cg25751482","0.411095187343472","0.725175694160668","0.412764545851063","0.731542798398012","1.50137996053891"
"KIRC","PTK2B","cg14221460","0.0250474813094574","0.156288003211904","0.0318533396495798","0.200410595295273","2.80189931267459"
"KIRC","PTK2B","cg20135243","0.000161941890071907","0.00214501977200508","0.00129827063102206","0.0158095859100267","7.40132564265738"
"KIRC","PTK2B","cg06815112","0.0191863104577045","0.128191720314751","0.0255226810723396","0.171134398817941","2.94994923123285"
"KIRC","PTK2B","cg18234130","0.123432996716299","0.389905763323876","0.129689117059021","0.421977240125857","1.88134972067584"
"KIRC","PXN","cg14094027","0.0215594770995603","0.139128610994832","0.0261508357771915","0.173191938699821","2.50245359323006"
"KIRC","RAPGEF4","cg18008675","0.949786587599586","0.981461246118086","0.950085728773162","0.982807651106052","0.971553576310298"
"KIRC","RASSF5","cg20595457","0.0613048532365123","0.275506929723612","0.0684319470240913","0.30753642859041","2.34557077779409"
"KIRC","RASSF5","cg15585555","0.171439667120586","0.475871134838391","0.180513359029753","0.497597045627306","0.4899169963198"
"KIRC","RASSF5","cg22356428","0.619435694344714","0.858313624877863","0.620073125470543","0.861481212507007","1.2392226378493"
"KIRC","RASSF5","cg04144533","0.978861010473052","0.99467034038648","0.978861146552363","0.997355149321234","0.98755632158678"
"KIRC","RASSF5","cg19638572","0.00849384243189754","0.0668005316258609","0.0135259814872417","0.107495958135447","0.283881297917149"
"KIRC","RASSF5","cg22401939","0.639111184138467","0.860653554324264","0.639793190795685","0.863152388417273","0.800575454720822"
"KIRC","RHOH","cg07768107","0.000232281686553311","0.00297241819233474","0.00157281595489032","0.0188488261260665","7.62487805268359"
"KIRC","THY1","cg25491905","0.117856570457271","0.38882096946686","0.124347281191569","0.416699610105876","1.98070344901798"
"KIRP","ACTG1","cg26857837","0.184678131579062","0.486123268253569","0.192165699032889","0.506364246313499","1.90517346422078"
"KIRP","ACTG1","cg03909849","0.208989762033423","0.515644674298152","0.219678065311224","0.541860588657933","2.12208464984561"
"KIRP","ACTG1","cg01144275","0.896344809319473","0.968348936412626","0.896368262075103","0.969567389493843","0.926937435086892"
"KIRP","ACTG1","cg12793711","0.00525029880949945","0.0483411658679523","0.0122361844608706","0.100205867529339","5.11974294591258"
"KIRP","CLDN1","cg03601836","0.0773821023673327","0.310763230251788","0.0932354973256891","0.36662916917133","0.300931169090181"
"KIRP","CLDN1","cg25330387","0.0922263412342105","0.346422326526512","0.113030876968979","0.402539208073485","0.256245451873359"
"KIRP","CLDN1","cg00804587","0.0664072012782473","0.289232951181288","0.0886125642803178","0.359690785116344","0.244495517240187"
"KIRP","CLDN3","cg24419391","0.0101609243858148","0.0774898778918202","0.0173629947719677","0.129792683691442","0.252181008620749"
"KIRP","CLDN3","cg12169661","0.168459477673165","0.469324375067306","0.178946559558488","0.497597045627306","0.472036832393669"
"KIRP","CLDN4","cg20038219","0.308301076792138","0.635522167897589","0.312528921066762","0.649565273298386","0.626904550789138"
"KIRP","CLDN4","cg23460250","0.0247652343607997","0.156288003211904","0.0329011962968207","0.201954497594306","0.317899463381118"
"KIRP","CLDN4","cg02936493","0.0133588919110463","0.0979219746877668","0.0199391249628382","0.143371803304217","0.270463933049761"
"KIRP","ITGAL","cg09099830","0.849655420960261","0.961262814627434","0.849743219950271","0.962800948523698","1.13194477023195"
"KIRP","ITGAL","cg16391678","0.626398420275103","0.858313624877863","0.628914763459211","0.863049387349972","1.57325433223349"
"KIRP","ITGB2","cg08292120","0.655553389710055","0.869846764905257","0.656201442343152","0.872239593255423","0.79639223200874"
"KIRP","ITK","cg01546430","0.00616339105582395","0.0541088400831056","0.013465556704572","0.107495958135447","4.94294814183027"
"KIRP","OCLN","cg17772163","0.000667156065212041","0.00774927429592447","0.00300284598023473","0.034879211001188","0.143819832971562"
"KIRP","PIK3R5","cg18923721","0.498870101596118","0.786319262432294","0.501962463357731","0.79284866074286","0.645541976557356"
"KIRP","PRKCA","cg15519474","0.925568893675564","0.978320030571459","0.925575586390786","0.978324987205034","1.0479121800559"
"KIRP","PTK2B","cg21186296","0.51152639608896","0.795424498395624","0.514031643734215","0.801338158476542","1.46852019285035"
"KIRP","PTK2B","cg14221460","0.987137582798696","0.999046749347205","0.987137633751437","0.999371237180622","1.00981538192951"
"KIRP","PTK2B","cg20135243","0.43442545163055","0.739267454146709","0.43813387319535","0.745024942032633","1.55675285489395"
"KIRP","PTK2B","cg23693289","0.778708942554432","0.935152457234901","0.778965995476321","0.93900327916888","1.18567701248908"
"KIRP","PTK2B","cg06815112","0.212558916265784","0.522559686577602","0.221059375094684","0.541882559079502","1.95728783346751"
"KIRP","PTK2B","cg23736307","0.380354861241331","0.711835121274398","0.384995067253801","0.720589138655405","1.62369005407188"
"KIRP","PTK2B","cg18234130","0.874877378021801","0.968348936412626","0.874928155931554","0.968847057057441","0.90504643201363"
"KIRP","PTK2B","cg11641102","0.279180045514004","0.613238351959777","0.287642939674091","0.62963033964708","1.9181516078738"
"KIRP","RASSF5","cg20595457","0.464078954678879","0.766694990771453","0.469158808549903","0.773379127408272","1.70067590514835"
"KIRP","RASSF5","cg19638572","0.69308086761918","0.892962551284098","0.693625109459598","0.895191380584609","1.23762675025905"
"KIRP","RHOH","cg11903057","0.200534159172539","0.503014686534663","0.213983823302437","0.534959558256094","2.45132991179235"
"KIRP","SIPA1","cg06492744","0.158111524188586","0.45737241671411","0.16872878806009","0.487709957592538","0.455300480997058"
"KIRP","SIPA1","cg20450318","0.301241862223198","0.63002106919256","0.308069873873403","0.645124309782335","0.543420914756441"
"KIRP","THY1","cg02455397","0.262970670644248","0.590901358144069","0.280102909538081","0.623828013867997","2.55496825771157"
"KIRP","THY1","cg16566400","0.0646718099902423","0.285539278027093","0.080812182741683","0.340855854580842","3.27680126957933"
"KIRP","THY1","cg02955631","0.224496595516041","0.536376359539909","0.242857957115238","0.568629386766237","2.65958403828964"
"KIRP","TXK","cg13974313","0.494316449719839","0.784052351971593","0.497666346052677","0.79048326307072","1.55383432668042"
"KIRP","VCAM1","cg24593324","0.739873388450012","0.918014323676387","0.740192831685029","0.920528596634103","1.19546775233143"
"KIRP","VCAM1","cg27544046","0.10528366882777","0.371444719462459","0.118442727044104","0.408329949398623","0.366001253430256"
"LGG","ACTN2","cg10819259","9.55427932186645e-05","0.00142913896459484","0.000219288258150085","0.00318389682506374","3.27016098894482"
"LGG","ACTN2","cg10372476","6.75435068656492e-06","0.000159360461511141","2.15839647102875e-05","0.000520539391915176","3.48537665001017"
"LGG","CLDN10","cg24529736","2.53951022203298e-10","4.79332554408726e-08","4.96743386790912e-08","7.50082514054277e-06","8.15819773333121"
"LGG","CLDN10","cg25702335","1.77568503474634e-08","1.18830670481428e-06","3.50418505170648e-07","2.40514519458036e-05","5.42548462546313"
"LGG","CLDN10","cg24545961","3.63135111898193e-09","3.9166715640448e-07","1.16937327363789e-07","1.26125260228086e-05","5.99173509093697"
"LGG","CLDN10","cg16556145","1.73576972231678e-07","6.89740073867984e-06","1.50864742626633e-06","5.99488845700567e-05","4.53830848109863"
"LGG","CLDN10","cg05709657","7.3901583416623e-11","1.85985651598501e-08","1.01717042344869e-08","2.55987889901255e-06","7.1416154203137"
"LGG","CLDN10","cg24426691","1.88477170124403e-07","7.05839412606887e-06","1.74559428986692e-06","6.27582708975965e-05","4.64303916713227"
"LGG","CLDN10","cg18393747","3.16676226458774e-07","1.03952413467989e-05","2.31550271367049e-06","7.60088934270094e-05","4.46366288020892"
"LGG","CLDN11","cg01977413","1.23600399297834e-09","1.74264210468173e-07","2.63509444735485e-08","4.97374076938228e-06","5.57708619480484"
"LGG","CLDN11","cg21369231","1.88869939838031e-08","1.18830670481428e-06","5.63138542759144e-07","3.27053538294734e-05","6.23793347852226"
"LGG","CLDN11","cg00894757","0.0217446041025036","0.139128610994832","0.0242025850887306","0.164621186864789","1.91498132459902"
"LGG","CLDN11","cg20449692","0.0396178359652309","0.206285973474133","0.0422580418882722","0.238095683773474","1.75793453420266"
"LGG","CLDN23","cg18904891","0.0577066729573725","0.264051745956462","0.0634633639482278","0.295770615931556","1.76253148381413"
"LGG","CLDN23","cg17143192","0.0721471630971797","0.302617267435393","0.0763071256144531","0.3330166464677","1.70954616435236"
"LGG","CLDN5","cg00811132","2.26580730128588e-05","0.000438637054479703","6.40088967048245e-05","0.00120816792530356","3.41844113607918"
"LGG","CXCR4","cg02367708","0.0445047507357965","0.221939670435206","0.0480624796095384","0.248542274693161","1.91071846463464"
"LGG","CXCR4","cg26425669","9.89713497169742e-07","2.98893476145262e-05","6.9840676784055e-06","0.00020211013130709","4.45730675647587"
"LGG","CXCR4","cg12311057","0.000134433924656908","0.00184541114756301","0.000273648394439434","0.00389819882644855","3.00892925038433"
"LGG","CXCR4","cg00591844","3.08383554221979e-08","1.7909967956738e-06","6.59982647187113e-07","3.55919213304479e-05","5.33470495881567"
"LGG","CXCR4","cg20366284","0.000109463233552558","0.00155933474211663","0.000199427040220741","0.00295230226209136","2.84741387973573"
"LGG","CXCR4","cg06332859","1.32875583805789e-05","0.000278669627148251","4.13465826040935e-05","0.00084369378016461","3.49978807223934"
"LGG","CXCR4","cg20823742","1.16318715883623e-07","5.16591944071385e-06","1.1852460457278e-06","4.98098496247696e-05","4.48864741294461"
"LGG","CXCR4","cg21859434","9.22962509896318e-05","0.00142211570402392","0.000181718478074125","0.00279994797848907","2.8791941320474"
"LGG","CXCR4","cg03608167","1.87452343047445e-05","0.000372438207896898","4.73407890926278e-05","0.000940586730656157","3.22428111725444"
"LGG","CXCR4","cg17398233","8.40928892111616e-07","2.64542213976779e-05","4.72123954165658e-06","0.000148522327247947","4.1618218428943"
"LGG","CXCR4","cg04513185","1.42931829495889e-05","0.00029165819261999","3.82940250557578e-05","0.000826056826202776","3.33255517422375"
"LGG","CYBA","cg09025501","2.10045750243617e-06","5.46843246323898e-05","1.08502252956763e-05","0.00027306400327452","4.11691360453643"
"LGG","CYBA","cg08843517","8.00036629091393e-09","6.71141838848891e-07","2.47329923953167e-07","2.07482325094046e-05","5.75216621852367"
"LGG","CYBA","cg05744675","6.11915717415759e-06","0.000149031086015774","2.20625967434247e-05","0.000520539391915176","3.70034816205557"
"LGG","ITGA4","cg10965575","2.68859080093016e-06","6.76628684900757e-05","9.96359162191461e-06","0.000259396954294674","3.7077088810046"
"LGG","ITGAL","cg09099830","0.0304041358484248","0.175229943248555","0.0336011165872524","0.204587443736899","1.96964806228851"
"LGG","ITGAM","cg09743950","0.143492612209504","0.434801738773741","0.148689097610968","0.456342555675937","1.53235671905072"
"LGG","JAM3","cg19712573","0.181190063063218","0.484586423412639","0.181002757171872","0.497597045627306","1.54708524108399"
"LGG","MSN","cg22771999","3.92105347093826e-12","2.96039537055839e-09","1.50257462658972e-09","1.13444384307524e-06","8.3705568579811"
"LGG","MSN","cg25156485","4.62803210065003e-08","2.49583159713626e-06","4.45336491369971e-07","2.80190875820273e-05","4.523495359263"
"LGG","MYL12A","cg21351102","0.00015391814888292","0.00207514647154652","0.000304365125999511","0.00425547537277094","3.06076844114168"
"LGG","MYL12A","cg24980904","5.67894534923136e-09","5.3595046733371e-07","1.70331437440618e-07","1.60750294084584e-05","5.69168312238646"
"LGG","MYL12A","cg00358220","6.89598672311158e-05","0.0011077595693509","0.000140706793310969","0.0022785429228259","3.02876857908678"
"LGG","MYL12A","cg15692535","8.77400613246851e-06","0.00019483454794158","2.61070898200629e-05","0.000597298570125682","3.66483686229745"
"LGG","MYL12A","cg12002260","4.53559156338648e-05","0.000796365495431812","9.07321061304848e-05","0.00159308697973293","3.0980684690188"
"LGG","MYL12A","cg21872393","1.37792378207377e-07","5.77962475258721e-06","9.22838783035191e-07","4.6449552079438e-05","4.56693604305389"
"LGG","MYL12A","cg23319046","0.000293674568645593","0.00357619837624875","0.000496619662670763","0.00669549723779332","2.80158763459346"
"LGG","MYL12A","cg03172801","1.57800545242237e-06","4.33732447517823e-05","7.22777953018731e-06","0.00020211013130709","3.93970325405113"
"LGG","PIK3R5","cg05460226","2.87819806372905e-05","0.000530009643442789","7.43688141095471e-05","0.00136947450372459","3.36172693557278"
"LGG","PIK3R5","cg26998044","0.00453468724671184","0.0438934470675313","0.00657324099191772","0.0637027898797439","0.358203930892748"
"LGG","PTK2B","cg21186296","3.71268693025976e-05","0.000667399674368124","7.9748846543192e-05","0.0014335804557169","3.13151133165286"
"LGG","PTK2B","cg14221460","2.68339512012834e-05","0.000506490828924224","5.63321111964911e-05","0.00109053189623976","3.0659846523012"
"LGG","PTK2B","cg20135243","4.92335477478361e-05","0.000844802921582188","0.000113491601371089","0.00194741270534483","3.22401066591468"
"LGG","PTK2B","cg23693289","0.00482821584900309","0.0455662870749667","0.00594068208430511","0.0598028663153381","2.14001178386631"
"LGG","PTK2B","cg23736307","1.51033481426853e-06","4.33732447517823e-05","6.218127689414e-06","0.000187787456220303","4.13952534484429"
"LGG","PTK2B","cg18234130","9.65378638335585e-05","0.00142913896459484","0.000159278954391754","0.0025053252201203","2.81854672306722"
"LGG","PTK2B","cg07216194","6.71965541547976e-05","0.001102899964932","0.000137407283860221","0.0022785429228259","3.05697198633405"
"LGG","PTK2B","cg11641102","0.00795186194982841","0.0659742392540709","0.00967315856367871","0.085920408418558","2.15962252033427"
"LGG","RAC2","cg06225154","9.85746327456839e-08","4.65149048268696e-06","1.18751959370312e-06","4.98098496247696e-05","4.83792536630388"
"LGG","RAC2","cg22017996","1.38488114279343e-09","1.74264210468173e-07","8.87211983049739e-08","1.11640841200425e-05","6.68792583287747"
"LGG","RASSF5","cg22871559","1.96558111562372e-07","7.05839412606887e-06","1.69851051878959e-06","6.27582708975965e-05","4.63002572205378"
"LGG","RASSF5","cg18328206","1.11188927885886e-05","0.00023985040158241","3.41272105807423e-05","0.000757824823190012","3.4459518309827"
"LGG","RASSF5","cg06949439","0.000103923110749551","0.00150888362722905","0.000193161236355978","0.00291673466897527","2.87019886393986"
"LGG","RASSF5","cg21218864","7.16477729829407e-06","0.000163921420006425","4.06712089962915e-05","0.00084369378016461","4.49874604743542"
"LGG","SIPA1","cg24147428","0.0297272595091157","0.173985123483584","0.0324298473167821","0.201954497594306","1.81423530127385"
"LGG","SIPA1","cg26668713","6.48472328247824e-08","3.26397738551405e-06","1.02950783237932e-06","4.85799008403991e-05","5.19610077758967"
"LGG","SIPA1","cg01685242","1.02157716036158e-08","7.71290756072996e-07","3.49712636404929e-07","2.40514519458036e-05","6.85590430329916"
"LGG","SIPA1","cg27068330","0.00402096958096229","0.0399451583371912","0.00548805406002514","0.0564548189754855","2.52924973012068"
"LGG","SIPA1","cg25361844","2.05675060627172e-07","7.05839412606887e-06","2.22668712292844e-06","7.60088934270094e-05","5.1162959664001"
"LGG","SIPA1","cg04447981","4.74675891640357e-11","1.79190149094235e-08","8.82249475813569e-09","2.55987889901255e-06","7.51307318791271"
"LGG","SIPA1","cg15425427","1.60854417622504e-06","4.33732447517823e-05","7.94035503967956e-06","0.000214106001962788","4.00058994268574"
"LGG","SIPA1","cg19811337","0.0612409319935304","0.275506929723612","0.0659874412094717","0.300123603091272","1.83529585114821"
"LGG","SIPA1","cg17480646","5.272565586504e-05","0.000884619337291227","0.00014184306936797","0.0022785429228259","3.48819392715796"
"LGG","SIPA1","cg21033440","0.332120264364137","0.661611608429876","0.333086649289666","0.667788037363929","0.742741991522782"
"LGG","SIPA1","cg01640437","0.00242486423128023","0.026532934704588","0.00335905132092432","0.0378519962283263","2.48910681544653"
"LGG","SIPA1","cg04798016","0.115939060395289","0.387674052118476","0.120239905215119","0.412641492897341","1.64737895976257"
"LUAD","ACTN2","cg11215976","0.0611213735206398","0.275506929723612","0.0647900079921088","0.298271073378306","1.82389550169284"
"LUAD","ACTN2","cg18770350","0.202003394095614","0.503341790568279","0.205191442273269","0.523376820663237","1.47816525025146"
"LUAD","CLDN10","cg25032595","0.00544166884901015","0.0489599543672255","0.00674278445938161","0.064440535023204","2.28581119170397"
"LUAD","CLDN10","cg16556145","0.255382315777102","0.579792532030064","0.259638966416381","0.592433323690968","1.40098469184452"
"LUAD","CLDN10","cg10305311","0.997659994191158","0.999564255680886","0.989116877071832","0.999371237180622","0.995437724378319"
"LUAD","CLDN10","cg24426691","0.0665694982165161","0.289232951181288","0.0694436109309708","0.310236250017059","1.66311312112036"
"LUAD","CLDN10","cg18393747","0.189022620583329","0.487071940410967","0.195728979302347","0.507819173104027","1.51511551704295"
"LUAD","CLDN10","cg06428163","0.0461016895795021","0.223120356618744","0.0509419488166507","0.258657943469058","1.944687852312"
"LUAD","CLDN10","cg04603730","0.238438810147514","0.55562130142399","0.245213470273574","0.571407932273297","1.48300123892199"
"LUAD","CLDN10","cg16232183","0.606126197856744","0.85332418359193","0.610699110936181","0.858236462561375","1.17854725568205"
"LUAD","CLDN18","cg10334121","0.654883362814906","0.869846764905257","0.654252148347069","0.871247827025046","0.867678615392468"
"LUAD","CLDN18","cg05487105","0.639494569622128","0.860653554324264","0.638567784455284","0.863152388417273","1.16190749188044"
"LUAD","CLDN18","cg23008404","0.445034711150462","0.748161267933098","0.448982625977565","0.754861414637193","0.778930672035161"
"LUAD","CYBA","cg03787864","0.35930945149807","0.693807252892693","0.361064110087582","0.698983084913139","0.732426912402745"
"LUAD","CYBA","cg26537639","0.910013188130681","0.974553130551297","0.910018908963458","0.975943574243481","1.04050605595107"
"LUAD","CYBA","cg09025501","0.794508850763147","0.940210317125667","0.797591994632599","0.945340590184635","1.09129980937021"
"LUAD","CYBA","cg08177833","0.599666250297335","0.852421136563182","0.600221754118377","0.855032876149763","0.825238558328368"
"LUAD","CYBA","cg10246531","0.732212965216235","0.9167840609258","0.732367042679712","0.918500194722895","0.885614563939224"
"LUAD","CYBA","cg08843517","0.780313757584508","0.935152457234901","0.782295447148643","0.93900327916888","0.909363216682176"
"LUAD","CYBA","cg24046411","0.840059913259262","0.958362354290248","0.841991231558857","0.960717520534725","0.937396672144053"
"LUAD","CYBA","cg00054525","0.435727174960643","0.739267454146709","0.437156770402047","0.745024942032633","0.75409074694926"
"LUAD","CYBA","cg19790294","0.802070903149873","0.944877552755533","0.802128757819938","0.946332246588615","1.08896215361227"
"LUAD","CYBA","cg04879832","0.871943546364326","0.968348936412626","0.871958873054015","0.968847057057441","1.05567299140126"
"LUAD","CYBA","cg05744675","0.916384255244495","0.9755832671724","0.916242684789515","0.976977942805414","0.966322201058221"
"LUAD","ITGA4","cg06952671","0.754077496298718","0.928757764609351","0.754190061008317","0.930414209250456","0.897779156371618"
"LUAD","ITGA4","cg21995919","0.820864798064964","0.950541292237803","0.820905058449052","0.952245576301837","1.07739113800174"
"LUAD","ITGA4","cg11947981","0.938462347306739","0.980605416658372","0.936292145214082","0.982020148475794","0.974884283539191"
"LUAD","ITGAL","cg09099830","0.30672798117902","0.63446472819222","0.308463411697249","0.645124309782335","0.733378618136827"
"LUAD","PIK3CG","cg00661777","0.0947690016626874","0.349215343512949","0.0994185535481757","0.375305039644363","0.57798683471473"
"LUAD","PIK3R5","cg18470295","0.24551640972773","0.565136857757428","0.248094509129196","0.576342628900132","1.44578732901649"
"LUAD","PRKCB","cg04279973","0.168363229707716","0.469324375067306","0.171156719150417","0.489482283933957","1.56612949360293"
"LUAD","PRKCB","cg03306374","0.426583175026016","0.735320313115621","0.426055972584393","0.740746477581389","1.27993325009758"
"LUAD","PRKCB","cg03217795","0.407574386194779","0.721291150530052","0.407174784242013","0.729542137490869","1.26892001930089"
"LUAD","PRKCB","cg08406370","0.264071171509484","0.591103389370617","0.266099547783484","0.601512450827935","1.45103054777224"
"LUAD","PXN","cg01015899","0.180721677463145","0.484586423412639","0.183486713891364","0.497597045627306","0.638621097681202"
"LUAD","RHOH","cg05658107","0.967599475290137","0.99027244086712","0.967599706932904","0.991617832180886","1.01334454412587"
"LUSC","CLDN1","cg25330387","0.434808369779019","0.739267454146709","0.434845022530569","0.744462566917415","0.737688282737237"
"LUSC","CLDN10","cg25702335","0.622406933299876","0.858313624877863","0.622916841152813","0.861481212507007","1.20967400829682"
"LUSC","CLDN10","cg25032595","0.862767369678367","0.967889099713472","0.862795233152716","0.966484274525669","1.07372972138477"
"LUSC","CLDN10","cg24545961","0.303378043907825","0.631716057231019","0.306055944789983","0.645124309782335","1.45082403222566"
"LUSC","CLDN10","cg16556145","0.8990895422851","0.968348936412626","0.899098506490787","0.969741960572206","1.04755379514022"
"LUSC","CLDN10","cg10305311","0.772312527980233","0.931463192691815","0.772426470916408","0.934586515291487","1.11796315584886"
"LUSC","CLDN10","cg18393747","0.727412121028374","0.913803912439971","0.727644621435911","0.915619481973522","0.863549841387219"
"LUSC","CLDN10","cg06428163","0.518953962746143","0.797878224848723","0.519963376964925","0.801351488077882","1.27683562039011"
"LUSC","CLDN10","cg04603730","0.752588516159665","0.928438447223116","0.752734744411761","0.930138677628281","0.885634145524329"
"LUSC","CLDN10","cg16232183","0.781049615281733","0.935152457234901","0.780984495117112","0.93900327916888","1.11838175310813"
"LUSC","CLDN11","cg01092546","0.477320402540385","0.770036119482886","0.478409573084917","0.775105638796378","1.28245009211751"
"LUSC","CLDN11","cg11145160","0.188587834533361","0.487071940410967","0.193156162832169","0.506364246313499","1.66743427064919"
"LUSC","CLDN11","cg05663573","0.469439519188372","0.769312750064369","0.471197878950735","0.773379127408272","1.37589134546284"
"LUSC","CLDN11","cg21884231","0.0460752819253307","0.223120356618744","0.0510464020885955","0.258657943469058","2.16955508021141"
"LUSC","CLDN11","cg05937737","0.47668301893676","0.770036119482886","0.478148313417825","0.775105638796378","1.32923650670163"
"LUSC","CLDN20","cg10082398","0.445075551509963","0.748161267933098","0.446813219672904","0.754684520924032","0.733905666762737"
"LUSC","CLDN5","cg21872764","0.0168192650074387","0.115441318914693","0.0216302888113293","0.148462436841397","2.71612548568525"
"LUSC","CLDN5","cg09092054","0.454301291131721","0.755501045824778","0.456474658522461","0.762474263682429","1.40927304772985"
"LUSC","CLDN5","cg20486569","0.425402613802599","0.73510242112942","0.427670100456941","0.740746477581389","1.41663427677528"
"LUSC","CLDN9","cg04715503","0.612443297285029","0.854193287143454","0.613049229961392","0.858236462561375","0.815037489025976"
"LUSC","CXCL12","cg17267805","0.802207299756685","0.944877552755533","0.799609398362525","0.946246231604555","0.906747226348508"
"LUSC","CXCL12","cg00353773","0.233304254024507","0.550452224339072","0.237144164329952","0.562951319266711","1.58849614851688"
"LUSC","CXCL12","cg06048524","0.889578045662106","0.968348936412626","0.886698244632306","0.969567389493843","0.943988785953847"
"LUSC","CYBA","cg03787864","0.532156050667805","0.803250750612355","0.535856585408331","0.80914344396658","0.772986676817791"
"LUSC","CYBA","cg26537639","0.62252831588011","0.858313624877863","0.623078424214798","0.861481212507007","0.822659813892691"
"LUSC","CYBA","cg08843517","0.157556564472716","0.45737241671411","0.163248655727217","0.479582626747271","0.551085500239346"
"LUSC","GNAI1","cg16182691","0.00453300565969092","0.0438934470675313","0.00646537910247794","0.0637027898797439","0.359539843276859"
"LUSC","PRKCB","cg03156893","0.895999213122935","0.968348936412626","0.896009529587439","0.969567389493843","1.0511658949029"
"LUSC","VAV1","cg17284531","0.532053016422527","0.803250750612355","0.533328777149863","0.80741288773683","0.759329074489843"
"OV","CLDN16","cg11984608","0.757230891582194","0.929568456540291","0.765162567146903","0.931872505687436","0.936140839964702"
"OV","CLDN16","cg27235662","0.0516467911012242","0.240699551119903","0.0536201382015553","0.268100691007776","1.55561973788036"
"OV","CLDN6","cg07384961","0.384661363938871","0.71468407743959","0.38327609962784","0.719834465718953","0.82208339596445"
"OV","CLDN9","cg03038672","0.828444548624439","0.952410969034582","0.829370371822254","0.954534498057624","1.05079777114579"
"OV","ITGAL","cg14176836","0.475380695350366","0.770036119482886","0.476835667432013","0.775105638796378","0.857196680151587"
"OV","ITGAM","cg15337006","0.874937044589281","0.968348936412626","0.87580316561139","0.968847057057441","1.0350380433265"
"OV","NCF1","cg02537023","0.192054484567495","0.493201142341697","0.19220745161127","0.506364246313499","0.747545957490156"
"OV","NCF2","cg09076123","0.882483913351536","0.968348936412626","0.879859550485196","0.968847057057441","0.966647057123693"
"OV","NCF4","cg09624565","0.109524290384387","0.379140083097889","0.110328191240253","0.39684321533384","1.40513969401536"
"OV","PIK3CG","cg08779777","0.941719421929111","0.981461246118086","0.943624937104754","0.982807651106052","0.984325718339954"
"OV","RHOH","cg00804392","0.714210922765684","0.907793344592747","0.714703635676854","0.908524806551426","0.918479772922365"
"OV","THY1","cg12508624","0.380902501979943","0.711835121274398","0.38072663862022","0.717644392406859","1.21293746538837"
"OV","VAV1","cg26571739","0.668559194957072","0.880213084354271","0.668446551464528","0.882200580190688","0.909837310236616"
"OV","VAV1","cg13470920","0.0264386336831225","0.16228592220128","0.0278851673350032","0.182172366092639","0.619077969020288"
"PAAD","ACTN2","cg11215976","0.037791527719021","0.205131349663984","0.0446313368906416","0.24417869095967","0.393248873140245"
"PAAD","ACTN2","cg14932016","0.555466476027539","0.819096073048421","0.546390297181957","0.815266154886122","0.782531400795532"
"PAAD","ACTN2","cg20482698","0.335283052444654","0.663097858754074","0.333299044321907","0.667788037363929","0.656788267867252"
"PAAD","ACTN2","cg18770350","0.02049755499032","0.134570904501666","0.025613492803215","0.171134398817941","0.35324909157259"
"PAAD","ACTN2","cg10372476","0.471989540516986","0.769658969957504","0.464319145646276","0.768774024041532","0.749423985447058"
"PAAD","CLDN1","cg25330387","0.00189210693965491","0.0210079520505803","0.00506217822807655","0.0538302051013774","4.99718683936208"
"PAAD","CLDN1","cg00804587","0.0380931870247926","0.205131349663984","0.0440267469104684","0.243968604424984","2.38938447861921"
"PAAD","CLDN18","cg24894531","0.00128102376192181","0.0144354170186711","0.00363108823856756","0.0397314727553407","5.19591429170453"
"PAAD","CLDN18","cg10334121","0.0389999214365547","0.205926721574872","0.0450882076809705","0.24490357409448","2.55137226599532"
"PAAD","CLDN18","cg10602180","0.205216958940842","0.509667118422158","0.209656421643192","0.527635327802033","1.69895531122136"
"PAAD","CLDN18","cg12938320","0.00294847616760343","0.0313535141766281","0.00553332000554427","0.0564548189754855","3.98377240436177"
"PAAD","CLDN18","cg05487105","0.284473508656744","0.615408306692955","0.28807758706039","0.62963033964708","1.58423585118916"
"PAAD","CLDN18","cg11197945","0.07627584897884","0.30795864159906","0.0833492917299032","0.347672459978325","2.31222224595653"
"PAAD","CLDN18","cg23008404","0.168195868561402","0.469324375067306","0.173853985381646","0.494167665977493","1.83789719965498"
"PAAD","CLDN4","cg02936493","0.0249879196890238","0.156288003211904","0.031262429861276","0.198345668447591","2.72787600600442"
"PAAD","CTNNA1","cg09476006","0.00371827386629449","0.0374306235873645","0.00658121537830467","0.0637027898797439","3.83086887606524"
"PAAD","CTNNA1","cg25388800","0.121052456798322","0.389905763323876","0.127668986202965","0.417918616770806","1.97880053791924"
"PAAD","CTNNA2","cg17349389","0.119001224980502","0.389905763323876","0.12668280088135","0.417666002905762","0.502017425431412"
"PAAD","ITGA4","cg25652029","0.00836057625317957","0.0664445796963218","0.0116486599439879","0.0977193139745651","0.333075258133312"
"PAAD","ITGA4","cg10965575","0.977297469138696","0.994419931536004","0.98648448743062","0.999371237180622","1.0081327873235"
"PAAD","ITGA4","cg21995919","0.00303651830740883","0.031841268362412","0.00552910828862333","0.0564548189754855","0.274832771534961"
"PAAD","ITGA4","cg17265419","0.639140146408746","0.860653554324264","0.639861317511115","0.863152388417273","0.792748345545562"
"PAAD","ITGA4","cg10526659","0.234995445328805","0.551068672698236","0.239328747682026","0.563287942501031","0.614250811713458"
"PAAD","ITK","cg00510689","0.196505396908199","0.501221536032737","0.201811019475715","0.519335053834209","1.74293779492321"
"PAAD","ITK","cg08972954","0.929685317017535","0.979526004749923","0.921152605130341","0.977462116962144","0.95465115334542"
"PAAD","MMP2","cg09530163","0.00807577343559913","0.0662740102595364","0.0140400504790036","0.109280805274718","0.2443054882209"
"PAAD","OCLN","cg17772163","0.647436989339314","0.863630612987954","0.648054127631706","0.865983834268917","0.794735811361152"
"PAAD","PIK3CG","cg11982525","0.508801178225638","0.793687788347844","0.510437784399299","0.797889290313605","1.36800434732288"
"PAAD","PIK3CG","cg13214190","0.175520143914428","0.47892273644639","0.182436168432243","0.497597045627306","1.94680848493339"
"PAAD","PIK3CG","cg08779777","0.183244907147952","0.486123268253569","0.189285606253191","0.504984567919291","1.84191808147719"
"PAAD","PIK3R5","cg12863545","0.177662419028729","0.482500454556439","0.183455778508095","0.497597045627306","0.5657080161377"
"PAAD","PIK3R5","cg26239391","0.0309014873457374","0.176747143530543","0.0366559983932022","0.216681786696276","0.394161700815031"
"PAAD","PIK3R5","cg16918989","0.114408083688466","0.387345754191891","0.11721171299809","0.406924832357989","0.530320742249851"
"PAAD","PIK3R5","cg26998044","0.374082201904799","0.706080156095308","0.371296052564835","0.709459180858556","0.681747646806091"
"PAAD","PRKCB","cg03217795","0.00945257456554222","0.0728234060916773","0.0162339197275907","0.12256609394331","0.252241550544787"
"PAAD","PRKCB","cg03156893","0.000251111450307534","0.00313976560767159","0.00168144042678737","0.0198357425347572","0.135154161116325"
"PAAD","RAC1","cg01821684","0.00018568651294295","0.00241712615986082","0.000934222905896423","0.0121610050681345","6.95358490139306"
"PAAD","RAC1","cg11385938","0.0149685072868384","0.1066153113355","0.0188590875049085","0.136909721790441","2.89404824949817"
"PAAD","RASSF5","cg20595457","0.00507172819019033","0.0472735158468358","0.00741416696869909","0.0691073587823187","3.98850580133664"
"PAAD","RASSF5","cg15585555","0.139712100823866","0.428791203748046","0.146829238112683","0.452473774592147","0.513772071871446"
"PAAD","RASSF5","cg22356428","8.66964943720921e-05","0.00136366360939436","0.000474655207784449","0.00651572148867743","6.41125461962413"
"PAAD","RASSF5","cg17220933","0.32227736816283","0.648851767901164","0.326624399424351","0.662907047218777","0.619338907831339"
"PAAD","RHOH","cg00804392","0.419924237255804","0.733895368352158","0.422767760024914","0.740579254800024","1.50938379743566"
"PAAD","RHOH","cg05658107","0.975834383937686","0.994271200908168","0.975834575320129","0.995615005900943","0.98585416503856"
"PAAD","RHOH","cg26296101","0.997590482613022","0.999564255680886","0.99759048281343","0.999371237180622","1.00144709361085"
"PAAD","SIPA1","cg06492744","0.0457188269884924","0.223120356618744","0.0563829463814155","0.274033911179305","2.84882543352527"
"PAAD","VAV3","cg06543087","0.117933777493922","0.38882096946686","0.122213225855187","0.41563506991291","0.499241358015026"
"PAAD","VAV3","cg24662718","0.00655559088864504","0.0568904726543334","0.00980456021644579","0.0860749181792625","0.319915640239904"
"PAAD","VCAM1","cg25762679","0.994599257129378","0.999564255680886","0.994599258990215","0.999371237180622","0.997112480537067"
"PCPG","ACTN1","cg15364504","0.903416912926553","0.971623602933828","0.903450260019501","0.973045572488907","0.91084663128669"
"PCPG","CLDN20","cg20603543","0.0421850133798443","0.215200575012044","0.0621914575250775","0.291643170381575","0.228086485570351"
"PCPG","MAPK13","cg05859264","0.18634391439775","0.486123268253569","0.201032584622262","0.519335053834209","0.34216527547622"
"PCPG","MAPK13","cg10750959","0.36475170393936","0.697359192370128","0.359573501248574","0.697886872603274","0.519919031975527"
"PCPG","PIK3R1","cg25091228","0.0362734133277422","0.201370787223863","0.0542488776107853","0.268123685049665","0.223725340008921"
"PCPG","PIK3R1","cg02271687","0.0986650889582005","0.358135298862699","0.11749617676032","0.406924832357989","0.292195056053"
"PCPG","PTK2B","cg07216194","0.0714535650642609","0.301382355438642","0.110206106388566","0.39684321533384","0.178062484588643"
"PCPG","PTK2B","cg11641102","0.689800620594978","0.89177991189933","0.691084841573834","0.894972650751706","1.38348761843141"
"PCPG","RASSF5","cg15585555","0.217465175633577","0.526237844882533","0.230780253894019","0.554740640424161","0.364319682963519"
"PCPG","RASSF5","cg19638572","0.0289974908804517","0.172386658383788","0.061642753724808","0.290876744138937","0.135126966422496"
"PCPG","VAV2","cg13755204","0.115244012243532","0.387674052118476","0.152838363772689","0.465205672547359","0.208748004005873"
"PCPG","VAV2","cg13928485","0.129175911396667","0.403007492167287","0.139995147423271","0.439141048272721","0.365378818244136"
"PCPG","VAV2","cg12747056","0.207193950889904","0.512889944006157","0.219592408372923","0.541860588657933","0.366384613430014"
"PRAD","ACTN2","cg20482698","0.0969719970348391","0.353690134112577","0.103593750736355","0.387194464385883","0.496306454710197"
"PRAD","ACTN2","cg18770350","0.39847391684043","0.715946274629973","0.399397679853682","0.726235813757304","0.721979010574759"
"PRAD","CLDN1","cg03601836","0.0151738906948071","0.107030621778967","0.020908252715666","0.145672447168941","0.325448220808552"
"PRAD","CLDN10","cg25702335","0.661389943779999","0.873001520341907","0.661826414058597","0.876269919831824","1.20083713834104"
"PRAD","CLDN10","cg25032595","0.486077573149369","0.778463856039013","0.487847619458154","0.781975334646027","0.726608453055337"
"PRAD","CLDN10","cg24545961","0.905421956423197","0.972394846514244","0.905430915188853","0.973789659497983","0.952294349791891"
"PRAD","CLDN10","cg16556145","0.760269159977592","0.929568456540291","0.760418025146911","0.931872505687436","0.879965213203792"
"PRAD","CLDN11","cg13879776","0.310883213609688","0.635522167897589","0.31546829347617","0.649565273298386","0.605767086109886"
"PRAD","CLDN11","cg21884231","0.998750735766373","0.999564255680886","0.998750735795644","0.999371237180622","0.999231569289576"
"PRAD","CLDN11","cg05937737","0.0759251610130896","0.30795864159906","0.0862133727058015","0.355689051327214","0.399604084646415"
"PRAD","CLDN3","cg24419391","0.620425651843499","0.858313624877863","0.621187800247644","0.861481212507007","1.25857780529405"
"PRAD","CLDN5","cg21872764","0.0670245714007209","0.289232951181288","0.0768755746734224","0.333569303899046","0.396441837595584"
"PRAD","CLDN5","cg09092054","0.0498132864440112","0.236534787831626","0.0577200926285507","0.274079685122992","0.399817481814929"
"PRAD","CLDN5","cg00811132","0.520998628940954","0.797878224848723","0.522205208124924","0.801351488077882","0.759754100019363"
"PRAD","CLDN5","cg09446908","0.0995145983942298","0.359469413389025","0.107779516630141","0.39684321533384","0.458484016448549"
"PRAD","CLDN5","cg20486569","0.489154793308859","0.778463856039013","0.490935508108896","0.781975334646027","1.37410250428028"
"PRAD","CLDN5","cg17577122","0.226584513763455","0.53965712268583","0.231082872275087","0.554740640424161","0.605321998641522"
"PRAD","CLDN9","cg04715503","0.551729204044525","0.81677558637964","0.552764147966215","0.821070596086603","1.31084009950237"
"PRAD","CTNNA2","cg21621248","0.35004784228924","0.682909873199938","0.354053260073939","0.691101338230167","0.638566827424564"
"PRAD","CXCL12","cg00353773","0.424579111674555","0.73510242112942","0.427392867850347","0.740746477581389","0.680803226319505"
"PRAD","CYBA","cg03787864","0.766524438011115","0.929568456540291","0.766706475991753","0.931872505687436","1.15075653110162"
"PRAD","CYBA","cg26537639","0.86417984196259","0.968035282910616","0.864209638990606","0.966634485093196","0.929238978540526"
"PRAD","CYBA","cg09025501","0.696101407723452","0.894788421550993","0.696433254463245","0.896820690141031","0.840375321164503"
"PRAD","CYBA","cg08177833","0.430282446704779","0.736651354335846","0.432892711479538","0.742804539016025","0.682754828812868"
"PRAD","CYBA","cg10246531","0.383159835933886","0.714285620074282","0.386325374528795","0.720589138655405","1.49765127603373"
"PRAD","CYBA","cg08843517","0.926488505772971","0.978320030571459","0.926493199803443","0.978324987205034","0.961102681118519"
"PRAD","CYBA","cg24046411","0.505627377583959","0.791541748576058","0.507140815417787","0.795534273408912","1.35482430201421"
"PRAD","CYBA","cg00054525","0.333874515055088","0.663097858754074","0.337417373343649","0.673942108133478","1.52944158385617"
"PRAD","CYBA","cg19790294","0.585865381610141","0.837743111961471","0.586686582422278","0.840509240472144","1.26609442711624"
"PRAD","CYBA","cg04879832","0.737277259402059","0.918014323676387","0.737533289235949","0.920528596634103","1.17392430720604"
"PRAD","CYBA","cg05744675","0.909760255325985","0.974553130551297","0.909770174661075","0.975943574243481","1.05379076484461"
"PRAD","GNAI2","cg20918957","0.235755206995404","0.551068672698236","0.239490635156067","0.563287942501031","1.63557368541888"
"PRAD","GNAI2","cg06508783","0.568182832288611","0.824711756357166","0.569062880888421","0.830690649304603","0.788646260891849"
"PRAD","GNAI2","cg00813746","0.501874052039498","0.78940606102046","0.503350380535859","0.793381079967795","0.747160576192288"
"PRAD","GNAI2","cg12996903","0.297696159874086","0.628246350723261","0.300917133466748","0.641786541715804","0.665122757492722"
"PRAD","GNAI2","cg12691534","0.677356029152095","0.880213084354271","0.677717002000794","0.882200580190688","0.843556713258354"
"PRAD","ITGA4","cg25652029","0.895306555083026","0.968348936412626","0.895322162231332","0.969567389493843","1.06420833006483"
"PRAD","ITGA4","cg11947981","0.394798906526456","0.715946274629973","0.397386692106698","0.726235813757304","0.685576338249257"
"PRAD","ITGB1","cg23044053","0.300380260163739","0.63002106919256","0.303849241552123","0.644399374640037","0.654533509966224"
"PRAD","ITGB1","cg15241501","0.201479965726835","0.503341790568279","0.206932954969641","0.524276446315701","0.58300691461835"
"PRAD","JAM2","cg04964944","0.896214007280579","0.968348936412626","0.896226382593629","0.969567389493843","1.05641582767944"
"PRAD","JAM2","cg10466421","0.837126587399453","0.958362354290248","0.837181032214488","0.960595257328174","1.09729113716912"
"PRAD","MMP2","cg01821058","0.810857563532427","0.949143349561213","0.810930812647578","0.950703048989008","0.906313994269874"
"PRAD","MMP2","cg12317456","0.939043332773514","0.980605416658372","0.939046022238424","0.982020148475794","1.03337829850446"
"PRAD","MSN","cg22771999","0.921786129638947","0.977455797580625","0.921792089108671","0.977462116962144","1.04487775537093"
"PRAD","MSN","cg25156485","0.70968322297187","0.904261768527169","0.708452938735912","0.907361680339636","1.15738484353346"
"PRAD","PIK3CD","cg23251761","0.368279707720693","0.699474964229662","0.371790931859483","0.709459180858556","0.643560455016847"
"PRAD","PIK3CD","cg24859236","0.385266780818428","0.71468407743959","0.388601098800049","0.722644900477923","0.650505885446892"
"PRAD","PIK3CD","cg19309580","0.67668021641307","0.880213084354271","0.677096922588806","0.882200580190688","0.831069102173805"
"PRAD","PIK3R1","cg01251150","0.0379501264003608","0.205131349663984","0.0458899876264294","0.246084311473819","0.376602898861029"
"PRAD","PIK3R1","cg06445944","0.944717742010562","0.981461246118086","0.944719650032744","0.982807651106052","1.029446150483"
"PRAD","PIK3R5","cg12863545","0.429974043553395","0.736651354335846","0.432034499010853","0.742804539016025","0.717518356574107"
"PRAD","PRKCB","cg09507526","0.00830500011024314","0.0664445796963218","0.0137144978070145","0.107858810878082","0.272665928140302"
"PRAD","PRKCB","cg03306374","0.62925127316056","0.860653554324264","0.629854585999781","0.863049387349972","0.813239620943864"
"PRAD","PRKCB","cg03217795","0.311615638025004","0.635522167897589","0.315666730802314","0.649565273298386","0.636321937098388"
"PRAD","PRKCB","cg00795205","0.50637703915528","0.791541748576058","0.507877509646484","0.795534273408912","0.741751738269405"
"PRAD","PRKCB","cg08406370","0.867205584318149","0.968348936412626","0.867233245539481","0.968581509441285","0.930628011906192"
"PRAD","PXN","cg01015899","0.0514586908070452","0.240699551119903","0.0572819786620391","0.274079685122992","0.432588149053853"
"PRAD","RAPGEF4","cg14234152","0.601289827615475","0.852421136563182","0.602146123032489","0.856158800168604","0.783090257207086"
"PRAD","RAPGEF4","cg22104578","0.326615553875045","0.6540974620044","0.329845485177201","0.665864548953974","0.667061005964167"
"PRAD","RASSF5","cg18328206","0.368729848693252","0.699474964229662","0.372113689562898","0.709459180858556","0.665796545879177"
"PRAD","RASSF5","cg16032102","0.178648529122327","0.483439568055043","0.188083489852784","0.504456155852878","0.486193113350842"
"PRAD","SIPA1","cg17953300","0.361581936034857","0.694642141746354","0.364842153801278","0.704100746836267","0.663679367967071"
"PRAD","VAV3","cg01422262","0.471315764246466","0.769658969957504","0.473422061448628","0.773665922930118","0.710916515614093"
"PRAD","VCAM1","cg25762679","0.457846025042676","0.7580564669018","0.460100696072867","0.766735727414347","0.702238444253321"
"PRAD","VCAM1","cg27544046","0.222093232809896","0.534013983348636","0.227524498402354","0.55058011632621","0.584605220880844"
"SARC","ACTN1","cg26303870","0.121619801893781","0.389905763323876","0.123584761611803","0.416546852754067","1.77200682888551"
"SARC","ACTN1","cg00739471","0.818531101794168","0.950541292237803","0.821575079062914","0.952245576301837","1.08318315883684"
"SARC","EZR","cg22871253","0.870682238825547","0.968348936412626","0.880303418730337","0.968847057057441","1.05306791221992"
"SARC","ITGAM","cg22490695","0.771112328816337","0.931463192691815","0.788699263170654","0.940668560277254","1.11184977186081"
"SARC","ITGB2","cg07274406","0.889904747400799","0.968348936412626","0.862358213094875","0.966484274525669","0.932468858887165"
"SARC","ITGB2","cg13315706","0.514611556945536","0.796171568634999","0.515828271549138","0.801338158476542","1.27369904241124"
"SARC","MYL12A","cg26708427","0.282488269452878","0.613238351959777","0.285678199236634","0.62963033964708","0.664481399620162"
"SARC","PIK3CG","cg24384195","0.145132365504098","0.434801738773741","0.156259445638054","0.465205672547359","1.70732119853543"
"SARC","PIK3R5","cg18923721","0.344616530951835","0.675467412118346","0.333451774948611","0.667788037363929","0.720438387924522"
"SARC","PXN","cg07419011","0.146220110515597","0.434801738773741","0.140176149183743","0.439141048272721","0.541822212993816"
"SARC","THY1","cg13524082","0.897353411857173","0.968348936412626","0.888699608534057","0.969567389493843","0.954866335398602"
"SARC","THY1","cg25491905","0.186247120559226","0.486123268253569","0.195698058601267","0.507819173104027","1.58700114895418"
"SARC","VCAM1","cg25762679","0.851941097078548","0.961262814627434","0.851972576639785","0.962800948523698","0.930044882816513"
"SKCM","CLDN11","cg21474897","0.0390033393181546","0.205926721574872","0.0408368240059698","0.235357268126009","0.589919513611012"
"SKCM","CLDN11","cg11145160","0.489762028633816","0.778463856039013","0.490457992405949","0.781975334646027","0.838255926834824"
"SKCM","CLDN11","cg21884231","0.734214412763987","0.917768015954984","0.734782879466904","0.920001781090403","0.91877034969816"
"SKCM","CLDN11","cg05937737","0.576246381201065","0.827776003618835","0.576698333952527","0.830756462925871","0.866355274619245"
"SKCM","CLDN11","cg20449692","0.0872290936521066","0.334304394453505","0.0898094542496165","0.362599668227061","0.623376260840347"
"SKCM","CLDN14","cg12426652","0.616942803665485","0.857811817251273","0.618383372362847","0.861401192129059","0.882043518469277"
"SKCM","ITGA4","cg02609279","0.0643720621341795","0.285539278027093","0.0664183478093221","0.300274566443343","0.632100182648328"
"SKCM","ITGA4","cg25515269","0.715937439003145","0.908458431003991","0.714786404094764","0.908524806551426","0.912061772437665"
"SKCM","ITGA4","cg25652029","0.54729033935632","0.816575959077258","0.547639477982115","0.81551835478599","0.864106163182508"
"SKCM","ITGA4","cg11947981","0.593835779326615","0.846609913847154","0.592992726340539","0.847934674975582","1.14190203232088"
"SKCM","ITGA4","cg05246303","0.60939575444869","0.853606297975438","0.608559151343593","0.857586000336132","0.87804284747198"
"SKCM","MAPK13","cg24155668","0.107830267053389","0.376906720487539","0.110500202947089","0.39684321533384","0.650656518751619"
"SKCM","MAPK13","cg06100227","0.0190907229525489","0.128191720314751","0.0207261641975005","0.145672447168941","0.553386799422448"
"SKCM","MMP2","cg09530163","0.636701467742697","0.860653554324264","0.638192111061766","0.863152388417273","1.12265270291036"
"SKCM","MMP2","cg01821058","0.365489445059743","0.697359192370128","0.365572838092472","0.704100746836267","0.79972825296493"
"SKCM","MMP9","cg26132320","0.98559903307931","0.998828550301851","0.98554197732068","0.999371237180622","1.00459921887692"
"SKCM","PIK3CD","cg20681184","0.0948200601591451","0.349215343512949","0.0969798593233454","0.36962327891464","1.5262282277422"
"SKCM","PIK3CG","cg11982525","0.673276666221857","0.880213084354271","0.673404887460406","0.882200580190688","0.902557349909771"
"SKCM","PIK3R5","cg05460226","0.642407467854833","0.860682366713612","0.642598299075948","0.863152388417273","1.12744550045848"
"SKCM","RASSF5","cg18328206","0.40017129522364","0.715946274629973","0.40111302561165","0.726235813757304","0.81151420907049"
"SKCM","THY1","cg10601287","0.0941453153774931","0.349215343512949","0.096169681781349","0.36962327891464","0.66862201131067"
"SKCM","THY1","cg16566400","0.0416195528557137","0.213760288476625","0.0439378426253907","0.243968604424984","0.610510650410555"
"SKCM","THY1","cg17236709","0.0629540860551418","0.281244585630959","0.0654047049784246","0.299276074295215","0.615782812420127"
"SKCM","VAV1","cg17284531","0.00276268631221678","0.0297975452246239","0.00343762044309598","0.0381676975667275","0.475848811812383"
"SKCM","VCAM1","cg25762679","0.708322413251875","0.904261768527169","0.709521408585346","0.907361680339636","0.910761768028235"
"SKCM","VCAM1","cg27544046","0.874832405808288","0.968348936412626","0.873659828529364","0.968847057057441","0.962173554710964"
"STAD","CLDN11","cg21474897","0.538072575429947","0.806181539700766","0.539477958868793","0.811515872823179","1.2812835863767"
"STAD","CLDN11","cg11145160","0.758637365707176","0.929568456540291","0.758800698536357","0.931872505687436","1.14221467146731"
"STAD","CLDN11","cg21389743","0.839599329784885","0.958362354290248","0.839648265980492","0.960717520534725","1.09078691743926"
"STAD","CLDN11","cg13879776","0.391844771270412","0.715946274629973","0.394778479976693","0.726235813757304","1.47658529133323"
"STAD","CLDN11","cg05663573","0.353224243667076","0.685563763415533","0.355799451144698","0.692341715500637","1.44145143337575"
"STAD","CLDN11","cg20449692","0.999564255680886","0.999564255680886","0.998065601235457","0.999371237180622","1.00100336699677"
"STAD","CLDN15","cg24809529","0.743554217845791","0.918794491773441","0.743738336353381","0.920528596634103","0.874543866872709"
"STAD","CLDN18","cg10334121","0.111186825804619","0.379846395848358","0.117391300062658","0.406924832357989","1.93065522625225"
"STAD","CLDN18","cg18246056","0.305543340632629","0.633750610378118","0.306823798375493","0.645124309782335","1.48859140540314"
"STAD","CLDN18","cg23008404","0.448874851344107","0.749967163975198","0.450361795484844","0.754861414637193","1.32637558913438"
"STAD","CLDN4","cg02936493","0.989894880259234","0.999564255680886","0.989894889471143","0.999371237180622","0.995289003990468"
"STAD","CLDN5","cg21872764","0.1363686259218","0.420238010493711","0.143738136109214","0.446593797376364","1.98276973034332"
"STAD","CLDN5","cg09092054","0.00544720022098933","0.0489599543672255","0.00818581581182923","0.073574892118227","3.06181340963051"
"STAD","CLDN5","cg09446908","0.240647399523438","0.557507005239909","0.243267936325158","0.568629386766237","1.54740715935965"
"STAD","CLDN5","cg20486569","0.00832030338474461","0.0664445796963218","0.0110497774712099","0.0937368763007136","2.70120661562669"
"STAD","CXCL12","cg07001963","0.0542386601205918","0.251228149638324","0.0643794404775553","0.298199248837756","0.365692785433639"
"STAD","CXCL12","cg26267854","0.172837165555258","0.47799289375172","0.179111791830058","0.497597045627306","1.81812267915813"
"STAD","CXCL12","cg10927719","0.128055570898742","0.401169942027181","0.134489809470959","0.428438000635334","1.90075164288521"
"STAD","CXCL12","cg25721625","0.28265820726093","0.613238351959777","0.288545824527006","0.62963033964708","0.576107121064986"
"STAD","CXCL12","cg08979862","0.0157451077169766","0.109060149782728","0.0210308566111451","0.145672447168941","2.88422741768857"
"STAD","CXCL12","cg00353773","0.267834340977199","0.596504210730931","0.272285965968041","0.610017520195463","1.61241153971278"
"STAD","CXCL12","cg26718433","0.809737090796606","0.949143349561213","0.809822021038587","0.950703048989008","1.11123851140008"
"STAD","CXCR4","cg26425669","0.913017952719149","0.9755832671724","0.913025743389052","0.976977942805414","1.04773532503152"
"STAD","CXCR4","cg20823742","0.120906301146522","0.389905763323876","0.125837763051841","0.416699610105876","1.76013236281322"
"STAD","CXCR4","cg19238531","0.685082686294429","0.887199705235496","0.685454666620978","0.890548731632978","1.18953838561046"
"STAD","GNAI1","cg25702790","0.107052442858351","0.375928345851417","0.114541495248895","0.406003891609934","2.0642287936046"
"STAD","GNAI1","cg07178143","0.123850993681143","0.389905763323876","0.132740882320728","0.424821118231883","2.12285648421702"
"STAD","GNAI1","cg27268486","0.186722844759649","0.486123268253569","0.192514707567402","0.506364246313499","1.78232498891797"
"STAD","GNAI2","cg20918957","0.930901998752312","0.979526004749923","0.930938374064968","0.980276809510532","1.03096411011793"
"STAD","ITGA4","cg06952671","0.415458186509746","0.727774781472989","0.417793196153081","0.735277070152859","1.42672783369361"
"STAD","ITGA4","cg25652029","0.726020784864613","0.913576154287971","0.726284606343621","0.915433852736951","1.1720361232192"
"STAD","ITGA4","cg20415809","0.779227835093162","0.935152457234901","0.77934487391076","0.93900327916888","1.12190684947112"
"STAD","ITGA4","cg11947981","0.0858262947337145","0.332301807815151","0.0928536454306663","0.36662916917133","2.09664755967793"
"STAD","ITGA4","cg10526659","0.422385891466672","0.73510242112942","0.42517790011934","0.740746477581389","1.47841842553179"
"STAD","ITGAM","cg02256631","0.0383092984140686","0.205131349663984","0.0442697997433415","0.243968604424984","2.37221673234777"
"STAD","JAM2","cg06716684","0.849278389435285","0.961262814627434","0.849335151319603","0.962800948523698","0.90867043122757"
"STAD","JAM2","cg16532755","0.293676483531481","0.624986127490126","0.298557472837803","0.640371852251538","0.609523640559665"
"STAD","JAM2","cg14553600","0.0752293792095407","0.307017196233531","0.0814531303146702","0.341650629930978","2.06155550482811"
"STAD","JAM2","cg22627390","0.345338306063155","0.675467412118346","0.348376767730308","0.684048533097017","1.4637772095099"
"STAD","JAM2","cg02485200","0.150078141270327","0.442613268199597","0.156506279241098","0.465205672547359","1.86854582996859"
"STAD","JAM2","cg04964944","0.0410760152377959","0.212413640442027","0.0471841657741684","0.247228392141294","2.34399419623158"
"STAD","JAM2","cg26412722","0.0453315982208731","0.223120356618744","0.0525073783771237","0.264287137831523","2.44770941812806"
"STAD","JAM3","cg23030863","0.080698893540972","0.318993008499654","0.0870607893492101","0.357233130210074","2.05104088314138"
"STAD","JAM3","cg24899571","0.02892293236332","0.172386658383788","0.0364509177179729","0.216681786696276","2.78137026084548"
"STAD","JAM3","cg14962363","0.13611074152033","0.420238010493711","0.142900099371785","0.445824690188834","1.90868369717835"
"STAD","JAM3","cg03637878","0.0348960121462512","0.195159179040145","0.0416088479392919","0.236200602963649","2.56362452242953"
"STAD","JAM3","cg24140030","0.0494380837196047","0.236238944356339","0.0566113071240355","0.274033911179305","2.35591672073188"
"STAD","JAM3","cg03304528","0.103771207073402","0.369562553492539","0.110060192633796","0.39684321533384","1.95606818205777"
"STAD","MMP2","cg09530163","0.18163967923944","0.484586423412639","0.186069267794139","0.50172248994491","1.6521296532424"
"STAD","MMP2","cg09350341","0.0869740542167846","0.334304394453505","0.0948280931991305","0.36962327891464","2.2075841808921"
"STAD","MMP2","cg01821058","0.293867649349662","0.624986127490126","0.297898770146087","0.640371852251538","1.57343800239968"
"STAD","MMP2","cg10079740","0.632549395155624","0.860653554324264","0.633129886191155","0.863152388417273","1.22867636342372"
"STAD","MMP2","cg07582157","0.970042838548849","0.991045119221084","0.970043138609676","0.992388305759221","1.01592673653017"
"STAD","MMP9","cg26132320","0.0501346813258775","0.236573027506485","0.0566215763496312","0.274033911179305","2.27588518906293"
"STAD","MSN","cg16613750","0.00729854024153145","0.0619145829478229","0.0102259132239643","0.088742120506817","2.83976320895839"
"STAD","MSN","cg13822691","0.38819130171565","0.715711910992638","0.390497820514767","0.724030244579453","1.41163560781684"
"STAD","MSN","cg06943437","0.0394943058832279","0.206285973474133","0.0463202641110482","0.246084311473819","2.45121873232867"
"STAD","MSN","cg16204757","0.296193128839669","0.62816239402795","0.299658827147101","0.640913355512921","1.52081910921718"
"STAD","MSN","cg25156485","0.000301512700424679","0.00361336648921639","0.000874199845227421","0.0115793137394158","4.29242545638203"
"STAD","PIK3CD","cg18976437","0.397878622003024","0.715946274629973","0.400256123295284","0.726235813757304","1.43052203751864"
"STAD","PIK3CD","cg17325959","0.084336570814068","0.329832696898915","0.092138202546962","0.366128120647139","2.16344858615993"
"STAD","PIK3CG","cg13214190","0.562005286259818","0.823910662380899","0.563171461525833","0.827386945905126","1.30878265885214"
"STAD","PIK3CG","cg15881332","0.0910125128066648","0.343572235845159","0.0974238841112761","0.36962327891464","2.00038712090989"
"STAD","PLCG2","cg26946978","0.0114104001876767","0.0852955657593657","0.0146828132483236","0.113117591862085","2.60168241263013"
"STAD","PRKCB","cg08944430","0.109975732713163","0.379140083097889","0.11552314998211","0.406201408025729","1.85038856896503"
"STAD","PRKCB","cg09507526","0.0143838066831473","0.103426419483583","0.0187043942468436","0.136909721790441","2.73656968870053"
"STAD","PRKCB","cg04279973","0.0674238402753731","0.289232951181288","0.0749174059618512","0.328852566867428","2.2549882802922"
"STAD","PRKCB","cg03306374","0.25770165994135","0.582529201364428","0.261406149063339","0.594462778743436","1.54621500884504"
"STAD","PRKCB","cg03217795","0.00715570641308799","0.0613927084304708","0.0118902164682464","0.0986495981706159","3.65613257557273"
"STAD","PRKCB","cg08406370","0.523137339294895","0.799141065018178","0.524704346828148","0.801926683917513","1.35260372991583"
"STAD","PRKCB","cg00735962","0.0670767469911205","0.289232951181288","0.0740100158970864","0.326769368434504","2.16998237046854"
"STAD","RAPGEF4","cg25074751","0.159790855063781","0.457766803441794","0.166720512196784","0.484130718109892","1.88656847701472"
"STAD","RAPGEF4","cg00997611","0.696868333605277","0.894788421550993","0.697263238559981","0.896820690141031","0.830997934650593"
"STAD","RAPGEF4","cg14836450","0.312554096341357","0.635522167897589","0.316600873119176","0.649565273298386","1.56966301353203"
"STAD","RAPGEF4","cg10508295","0.28044297312836","0.613238351959777","0.284565830649643","0.62963033964708","1.58238885242049"
"STAD","RAPGEF4","cg14796127","0.185512389365006","0.486123268253569","0.190918874556354","0.506364246313499","1.72644247428978"
"STAD","RAPGEF4","cg10076031","0.246451627594064","0.565565285208263","0.252009660820044","0.580955333589359","1.58806702065432"
"STAD","RAPGEF4","cg22104578","0.200539629995939","0.503014686534663","0.206154378292286","0.524062476803623","1.731361762565"
"STAD","RAPGEF4","cg00559939","0.213176666842253","0.522559686577602","0.217929074422957","0.541860588657933","1.6573881815762"
"STAD","THY1","cg16566400","0.722996698540892","0.912918925108784","0.720966974801457","0.913305479823993","1.17466546563594"
"STAD","THY1","cg02955631","0.898149278295037","0.968348936412626","0.898162201828186","0.969741960572206","1.05793524653184"
"TGCT","CXCR4","cg12595667","0.35863251168946","0.693807252892693","0.386541193583363","0.720589138655405","2.89147567824992"
"TGCT","ITGB2","cg06654697","0.162175652741353","0.461907197372438","0.181626024153285","0.497597045627306","0.32973997279346"
"TGCT","ITGB2","cg07274406","0.323793283803697","0.650170024659019","0.346624740586379","0.684048533097017","2.9860136409298"
"TGCT","ITK","cg06559878","0.877494704039115","0.968348936412626","0.862108869178717","0.966484274525669","1.1351038360533"
"TGCT","ITK","cg26329274","0.993277940523521","0.999564255680886","0.990882212536218","0.999371237180622","0.99159737753953"
"TGCT","PIK3CD","cg07970040","0.931522743589993","0.979526004749923","0.930086698430909","0.980276809510532","0.932140177640895"
"TGCT","PIK3CD","cg07499142","0.784956931627969","0.936244049572064","0.785488884000358","0.939785542449995","1.28303137617322"
"TGCT","PIK3CD","cg12033075","0.723695316933373","0.912918925108784","0.72480936531053","0.915433852736951","1.3812562054135"
"TGCT","PIK3CD","cg14989202","0.329638356403134","0.658404653662345","0.348819450652121","0.684048533097017","0.33610279491118"
"TGCT","PIK3CD","cg03971555","0.452649422631795","0.754415704386325","0.461806853455249","0.766735727414347","0.589420103627087"
"TGCT","PIK3CD","cg16597045","0.456396554223489","0.757317359206009","0.462072524468249","0.766735727414347","0.58331505655479"
"TGCT","PIK3CG","cg24384195","0.479840030548493","0.772450369006636","0.467807318443644","0.772854541411272","1.75726546239455"
"TGCT","RAC1","cg11925381","0.31248433897231","0.635522167897589","0.327860975950725","0.663632806549055","0.418781069227062"
"TGCT","RAC1","cg13226597","0.469739308317449","0.769312750064369","0.479802058169078","0.77569711759669","0.536843413938186"
"TGCT","RAC1","cg05231706","0.87011328778196","0.968348936412626","0.878379504529744","0.968847057057441","1.15493580459548"
"TGCT","RHOH","cg20171453","0.361440401358905","0.694642141746354","0.374359806511483","0.71015490933711","0.443573036180209"
"TGCT","RHOH","cg07768107","0.297896945111162","0.628246350723261","0.318733617690745","0.650388868531114","0.323208187957532"
"TGCT","TXK","cg20981615","0.766694820279228","0.929568456540291","0.767121478987691","0.931872505687436","0.801076186636916"
"TGCT","VAV1","cg17284531","0.85314297313825","0.961262814627434","0.854406139749507","0.962800948523698","0.866686451349204"
"TGCT","VAV2","cg12277882","0.601775451375067","0.852421136563182","0.603965499983509","0.85713148963825","0.667706161048381"
"TGCT","VAV2","cg14521777","0.637841523669637","0.860653554324264","0.639551671594914","0.863152388417273","1.49328371084404"
"THCA","ACTN1","cg01847441","0.73917441923182","0.918014323676387","0.739515885866275","0.920528596634103","0.829191663378204"
"THCA","ACTN1","cg13777668","0.413013971508725","0.725175694160668","0.419303039053564","0.736218126710327","1.77130601609151"
"THCA","CLDN1","cg03623835","0.84251285549608","0.959233043669337","0.842591611042116","0.960717520534725","1.11691668214991"
"THCA","CLDN1","cg25330387","0.675674177931837","0.880213084354271","0.676432994245254","0.882200580190688","1.27691434260145"
"THCA","CLDN1","cg00804587","0.605764256929626","0.85332418359193","0.607309365941514","0.857586000336132","0.720998976701698"
"THCA","CLDN11","cg01092546","0.180023613477901","0.484586423412639","0.188419385364916","0.504456155852878","2.01397688938893"
"THCA","CLDN11","cg22233906","0.764364038087219","0.929568456540291","0.764592501057917","0.931872505687436","1.16768528440876"
"THCA","CLDN11","cg04980452","0.288169282052848","0.621622308428287","0.296304308560132","0.640371852251538","1.89782417962137"
"THCA","CLDN11","cg02943050","0.300631252661123","0.63002106919256","0.31091688086169","0.648459240471205","0.488325030643356"
"THCA","CLDN16","cg06073141","0.159196220961433","0.457766803441794","0.170192296101172","0.488574842419715","2.23770311035671"
"THCA","CLDN16","cg25330387","0.675674177931837","0.880213084354271","0.676432994245254","0.882200580190688","1.27691434260145"
"THCA","CLDN16","cg27235662","0.240724879083722","0.557507005239909","0.252388542274583","0.580955333589359","2.17355569775953"
"THCA","CLDN4","cg02936493","0.624752522716552","0.858313624877863","0.625855400236968","0.861481212507007","0.752766545489711"
"THCA","CLDN8","cg22540233","0.448986964393099","0.749967163975198","0.450917215895859","0.754861414637193","0.650140965899852"
"THCA","CTNNA1","cg25388800","0.104853839154962","0.371444719462459","0.115673248643088","0.406201408025729","0.411848102054106"
"THCA","CTNNA1","cg16482761","0.718621705234121","0.910334542704297","0.716971382890583","0.909770410222505","1.23785465592162"
"THCA","GNAI2","cg15972294","0.607211125454804","0.85332418359193","0.608829266463797","0.857586000336132","0.718264820919723"
"THCA","ITGA4","cg25515269","0.185416874447295","0.486123268253569","0.194398398397977","0.507819173104027","2.01441943114524"
"THCA","ITGA4","cg05246303","0.963603655420964","0.988479293264712","0.961649507226591","0.989162640267134","0.977573041913148"
"THCA","ITGB2","cg10825839","0.335501168270273","0.663097858754074","0.342050800914346","0.678787370771142","0.611778321712978"
"THCA","MAPK13","cg05859264","0.110866502554315","0.379846395848358","0.132682579592976","0.424821118231883","3.3419269120864"
"THCA","MSN","cg22771999","0.216772835469961","0.526237844882533","0.22548025066656","0.547387746795025","1.96812031386234"
"THCA","NCF4","cg08612539","0.915064093799496","0.9755832671724","0.915081726715187","0.976977942805414","0.930587025842002"
"THCA","PIK3CD","cg16125214","0.027755158566831","0.168993102564172","0.0464719897987584","0.246084311473819","0.206557999102287"
"THCA","PIK3CD","cg07805542","0.530637116017869","0.803250750612355","0.530947548647882","0.806570219776963","1.37191344381478"
"THCA","PIK3CD","cg18284427","0.121002865270915","0.389905763323876","0.136680029793215","0.433585808797803","0.369742638991773"
"THCA","PIK3CD","cg12354861","0.999371237172502","0.999564255680886","0.999371237180622","0.999371237180622","1.0005576259917"
"THCA","PIK3R5","cg01394255","0.466384576968198","0.768738607263135","0.472919557491129","0.773665922930118","1.82785370864212"
"THCA","PIK3R5","cg05460226","0.513075140024727","0.795424498395624","0.515609632941827","0.801338158476542","0.683341077928568"
"THCA","PRKCB","cg26562691","0.372700822189399","0.705235891611519","0.373114719427254","0.709575851807499","1.55133202509012"
"THCA","PXN","cg14094027","0.74035887594324","0.918014323676387","0.742942073937956","0.920528596634103","0.852018296796074"
"THCA","RAC1","cg01821684","0.388892099088786","0.715711910992638","0.397170157608795","0.726235813757304","0.576841290091564"
"THCA","RASSF5","cg20595457","0.846037412276248","0.960538716193334","0.851174741774271","0.962800948523698","0.903854766921964"
"THCA","RASSF5","cg15585555","0.197460844714245","0.501394955321813","0.208079170624046","0.525417303749681","2.13417925477239"
"THCA","RASSF5","cg22356428","0.8543143690265","0.961262814627434","0.854367936176683","0.962800948523698","0.909136792757491"
"THCA","RASSF5","cg02035751","0.12126055443501","0.389905763323876","0.130226088674602","0.421977240125857","2.13163395081435"
"THCA","RASSF5","cg06949439","0.224093165006279","0.536376359539909","0.231448081766372","0.554740640424161","1.85582916450213"
"THCA","RASSF5","cg04144533","0.375457144846687","0.706908090671444","0.380367991530561","0.717644392406859","1.6508419903578"
"THCA","RASSF5","cg01442843","0.0373649325449822","0.205131349663984","0.0466093464115975","0.246084311473819","2.85107756708904"
"THCA","RASSF5","cg22401939","0.10319379216963","0.369247929327349","0.110905852232371","0.39684321533384","2.11223157311225"
"THCA","RHOH","cg11903057","0.48501296388572","0.778463856039013","0.487431238921792","0.781975334646027","0.693202918309668"
"THCA","THY1","cg10601287","0.0191021457758283","0.128191720314751","0.0306602069134957","0.196173357793977","0.239312832479403"
"THCA","THY1","cg16566400","0.0745844851552047","0.306039599414019","0.0906248511178214","0.363945545712527","0.323443466928273"
"THCA","THY1","cg17236709","0.174362075475311","0.47870315266858","0.183880232754991","0.497597045627306","0.482627438933335"
"THCA","VAV3","cg21161367","0.8171448092928","0.950541292237803","0.817234254302784","0.952245576301837","1.11601799568723"
"THCA","VCAM1","cg04743650","0.38961270916288","0.715711910992638","0.395510547288194","0.726235813757304","1.73135431993848"
"THYM","BCAR1","cg05389731","0.0701117772663904","0.297384223798454","0.10904674203916","0.39684321533384","0.171608528139389"
"THYM","CLDN10","cg25032595","0.0153103405988456","0.107030621778967","0.999057052045549","0.999371237180622","5.16274408503905e-10"
"THYM","CLDN10","cg24545961","0.109475464504904","0.379140083097889","0.132791766758575","0.424821118231883","0.281626778290654"
"THYM","CLDN11","cg16512144","0.145575806457411","0.434801738773741","0.165202158704618","0.483440425666615","3.55597935947425"
"THYM","CXCL12","cg00499822","0.672354803151098","0.880213084354271","0.675649613354859","0.882200580190688","0.597676148093224"
"THYM","CXCR4","cg02367708","0.791393329911226","0.938941703896354","0.791735484178826","0.940668560277254","1.2239581218955"
"THYM","CXCR4","cg07784959","0.475883407550311","0.770036119482886","0.482332123408623","0.778121267464766","0.540388945633271"
"THYM","CXCR4","cg12595667","0.539234009998526","0.806181539700766","0.542909733977728","0.811714784258089","1.66928480406138"
"THYM","CXCR4","cg23374992","0.761789498984335","0.929568456540291","0.763060863887559","0.931872505687436","0.68951653226641"
"THYM","ITGA4","cg02609279","0.951865265464715","0.981500297732332","0.951879652054282","0.982842114387785","1.08940955880365"
"THYM","ITGA4","cg05246303","0.282256431687231","0.613238351959777","0.29801350296663","0.640371852251538","2.4774020585751"
"THYM","ITGAL","cg10522125","0.188756136379848","0.487071940410967","0.220332716182762","0.541860588657933","4.0722256311043"
"THYM","ITGAL","cg14176836","0.948119989555451","0.981461246118086","0.948128909985125","0.982807651106052","1.06763478113779"
"THYM","ITGB2","cg24167037","0.395695621191015","0.715946274629973","0.405898271221694","0.729542137490869","2.17359758757243"
"THYM","ITGB2","cg06654697","0.29191331476596","0.624986127490126","0.302830854028373","0.644048717722315","2.13739507953702"
"THYM","ITGB2","cg01167274","0.316247452682725","0.640125540952969","0.340201131096874","0.677709377251029","0.331644837251515"
"THYM","ITGB2","cg07274406","0.548973794982374","0.816575959077258","0.553710322714979","0.821070596086603","1.7218424009048"
"THYM","ITK","cg09453312","0.512822290215774","0.795424498395624","0.518812130522491","0.801351488077882","0.554112342038823"
"THYM","ITK","cg08972954","0.683529819645216","0.886709645759687","0.686489220940918","0.890548731632978","0.608274925706947"
"THYM","PIK3CD","cg20994801","0.820038499026141","0.950541292237803","0.820338990128207","0.952245576301837","0.810445598344375"
"THYM","PIK3CD","cg12033075","0.856969963396337","0.962815955899158","0.857114539824769","0.964413528416841","1.18651604700956"
"THYM","PIK3CD","cg03971555","0.56565178650883","0.824711756357166","0.573231560645958","0.830690649304603","1.99547921645659"
"THYM","PIK3CG","cg00604356","0.918728083390168","0.9755832671724","0.918747469393171","0.976977942805414","1.08220343673334"
"THYM","PIK3CG","cg08779777","0.123943553904279","0.389905763323876","0.146287759734122","0.452473774592147","3.63999405813672"
"THYM","PIK3CG","cg15881332","0.404715079419475","0.721291150530052","0.414944024495033","0.733171734517635","2.12293681272422"
"THYM","PTK2B","cg11641102","0.399631365180754","0.715946274629973","0.408834378631292","0.729542137490869","1.99981929770475"
"THYM","RAC2","cg02152108","0.710234740048492","0.904261768527169","0.713318373511006","0.908524806551426","1.68183573174416"
"THYM","RHOH","cg00804392","0.854027585086342","0.961262814627434","0.854156780799907","0.962800948523698","1.16399928546348"
"THYM","RHOH","cg05658107","0.888185072452438","0.968348936412626","0.888274815440692","0.969567389493843","1.15152582885533"
"THYM","RHOH","cg26296101","0.80418894964013","0.945736225822895","0.804661976059812","0.947768786154693","1.283053040055"
"THYM","RHOH","cg20171453","0.644692534360569","0.861491793703061","0.647022409639501","0.865983834268917","0.656371378610364"
"THYM","RHOH","cg26163153","0.291046130295979","0.624986127490126","0.317469650128615","0.649565273298386","0.314911754630808"
"THYM","RHOH","cg07768107","0.967974915708522","0.99027244086712","0.967976612340812","0.991617832180886","0.957958746019008"
"THYM","RHOH","cg11903057","0.400138988081219","0.715946274629973","0.410669415143867","0.729542137490869","2.13496355505596"
"THYM","SIPA1","cg24301930","0.639505488709817","0.860653554324264","0.641996132218165","0.863152388417273","1.52941361947306"
"THYM","SIPA1","cg13395086","0.724289319390943","0.912918925108784","0.725293395797599","0.915433852736951","1.395987209606"
"THYM","TXK","cg20981615","0.767047878708081","0.929568456540291","0.767714832500113","0.931872505687436","0.762391518912425"
"THYM","TXK","cg02600394","0.98027455454019","0.994767861126134","0.980275050340506","0.997449680602536","1.02511454011116"
"THYM","VAV1","cg17284531","0.151941285403735","0.444634381704727","0.174104104834454","0.494167665977493","3.12642329521969"
"THYM","VAV2","cg14137625","0.571263025048659","0.824711756357166","0.575305411084655","0.830756462925871","0.597211517143948"
"THYM","VAV2","cg13600947","0.259668199341962","0.585222359710989","0.287347604844051","0.62963033964708","3.29359054502073"
"UCEC","CLDN10","cg10305311","0.660802291492758","0.873001520341907","0.661296350258473","0.876269919831824","0.820685000073491"
"UCEC","CLDN10","cg18470456","0.972605701197455","0.992320681627133","0.972605915274315","0.993663688812054","0.986322154088961"
"UCEC","CLDN10","cg06428163","0.89400262896227","0.968348936412626","0.894016099271325","0.969567389493843","0.945800454871305"
"UCEC","CLDN10","cg04603730","0.937775838945363","0.980605416658372","0.937778961662113","0.982020148475794","1.03561607312237"
"UCEC","CLDN10","cg16232183","0.228316945922896","0.542073252112536","0.234382687888295","0.559996611885009","0.567459127158113"
"UCEC","CLDN3","cg24419391","0.230720501763052","0.546062629564591","0.235184277733622","0.560139210375029","1.59442568848417"
"UCEC","CTNNA2","cg19923114","0.918398361623273","0.9755832671724","0.918403426001926","0.976977942805414","0.961843780080449"
"UCEC","MMP2","cg09530163","0.625938171266758","0.858313624877863","0.626428060485228","0.861481212507007","0.826726154226492"
"UCEC","PIK3R1","cg25091228","0.571290395463308","0.824711756357166","0.572139700700735","0.830690649304603","1.25959545679505"
"UCEC","PIK3R1","cg02271687","0.407308923957334","0.721291150530052","0.409352903993566","0.729542137490869","1.38581463474252"
"UCEC","RASSF5","cg17220933","0.0297186332998714","0.173985123483584","0.0349627129475284","0.211174786203072","0.410069050476179"
"UCEC","THY1","cg10601287","0.292213733850583","0.624986127490126","0.295749536391444","0.640371852251538","0.655425569189574"
"UCEC","THY1","cg16566400","0.255723063796042","0.579792532030064","0.259729046545312","0.592433323690968","0.632891681893147"
"UCEC","THY1","cg17236709","0.407935524869314","0.721291150530052","0.410124668415933","0.729542137490869","0.713989641363392"
